commodity,year,month,price,date
Beras Premium,2021,Januari,12319,1/1/2021
Beras Medium,2021,Januari,10865,1/1/2021
Kedelai Biji Kering,2021,Januari,10607,1/1/2021
Bawang Merah,2021,Januari,30329,1/1/2021
Bawang Putih (Bonggol),2021,Januari,26308,1/1/2021
Cabai Merah Keriting,2021,Januari,47968,1/1/2021
Cabai Rawit Merah,2021,Januari,68226,1/1/2021
Daging Sapi Murni,2021,Januari,121836,1/1/2021
Daging Ayam Ras,2021,Januari,34531,1/1/2021
Telur Ayam Ras,2021,Januari,25454,1/1/2021
Gula Pasir Lokal/Curah,2021,Januari,13513,1/1/2021
Tepung Terigu Curah,2021,Januari,8291,1/1/2021
Minyak Goreng Kemasan,2021,Januari,12577,1/1/2021
Beras Premium,2021,Februari,12316,2/1/2021
Beras Medium,2021,Februari,10858,2/1/2021
Kedelai Biji Kering,2021,Februari,10804,2/1/2021
Bawang Merah,2021,Februari,29996,2/1/2021
Bawang Putih (Bonggol),2021,Februari,26708,2/1/2021
Cabai Merah Keriting,2021,Februari,48132,2/1/2021
Cabai Rawit Merah,2021,Februari,74037,2/1/2021
Daging Sapi Murni,2021,Februari,122182,2/1/2021
Daging Ayam Ras,2021,Februari,33699,2/1/2021
Telur Ayam Ras,2021,Februari,24868,2/1/2021
Gula Pasir Lokal/Curah,2021,Februari,13420,2/1/2021
Tepung Terigu Curah,2021,Februari,8312,2/1/2021
Minyak Goreng Kemasan,2021,Februari,12602,2/1/2021
Beras Premium,2021,Maret,12275,3/1/2021
Beras Medium,2021,Maret,10837,3/1/2021
Kedelai Biji Kering,2021,Maret,10955,3/1/2021
Bawang Merah,2021,Maret,33050,3/1/2021
Bawang Putih (Bonggol),2021,Maret,28356,3/1/2021
Cabai Merah Keriting,2021,Maret,48400,3/1/2021
Cabai Rawit Merah,2021,Maret,92656,3/1/2021
Daging Sapi Murni,2021,Maret,122031,3/1/2021
Daging Ayam Ras,2021,Maret,33457,3/1/2021
Telur Ayam Ras,2021,Maret,24541,3/1/2021
Gula Pasir Lokal/Curah,2021,Maret,13355,3/1/2021
Tepung Terigu Curah,2021,Maret,8351,3/1/2021
Minyak Goreng Kemasan,2021,Maret,12698,3/1/2021
Beras Premium,2021,April,12211,4/1/2021
Beras Medium,2021,April,10754,4/1/2021
Kedelai Biji Kering,2021,April,11205,4/1/2021
Bawang Merah,2021,April,31729,4/1/2021
Bawang Putih (Bonggol),2021,April,28927,4/1/2021
Cabai Merah Keriting,2021,April,43568,4/1/2021
Cabai Rawit Merah,2021,April,68820,4/1/2021
Daging Sapi Murni,2021,April,124658,4/1/2021
Daging Ayam Ras,2021,April,36096,4/1/2021
Telur Ayam Ras,2021,April,25235,4/1/2021
Gula Pasir Lokal/Curah,2021,April,13377,4/1/2021
Tepung Terigu Curah,2021,April,8392,4/1/2021
Minyak Goreng Kemasan,2021,April,12850,4/1/2021
Beras Premium,2021,Mei,12183,5/1/2021
Beras Medium,2021,Mei,10735,5/1/2021
Kedelai Biji Kering,2021,Mei,11374,5/1/2021
Bawang Merah,2021,Mei,31355,5/1/2021
Bawang Putih (Bonggol),2021,Mei,28781,5/1/2021
Cabai Merah Keriting,2021,Mei,36964,5/1/2021
Cabai Rawit Merah,2021,Mei,58653,5/1/2021
Daging Sapi Murni,2021,Mei,126934,5/1/2021
Daging Ayam Ras,2021,Mei,37084,5/1/2021
Telur Ayam Ras,2021,Mei,25114,5/1/2021
Gula Pasir Lokal/Curah,2021,Mei,13398,5/1/2021
Tepung Terigu Curah,2021,Mei,8434,5/1/2021
Minyak Goreng Kemasan,2021,Mei,13127,5/1/2021
Beras Premium,2021,Juni,12199,6/1/2021
Beras Medium,2021,Juni,10749,6/1/2021
Kedelai Biji Kering,2021,Juni,11740,6/1/2021
Bawang Merah,2021,Juni,29914,6/1/2021
Bawang Putih (Bonggol),2021,Juni,28097,6/1/2021
Cabai Merah Keriting,2021,Juni,28380,6/1/2021
Cabai Rawit Merah,2021,Juni,46728,6/1/2021
Daging Sapi Murni,2021,Juni,124774,6/1/2021
Daging Ayam Ras,2021,Juni,35866,6/1/2021
Telur Ayam Ras,2021,Juni,25325,6/1/2021
Gula Pasir Lokal/Curah,2021,Juni,13347,6/1/2021
Tepung Terigu Curah,2021,Juni,8401,6/1/2021
Minyak Goreng Kemasan,2021,Juni,13270,6/1/2021
Beras Premium,2021,Juli,12320,7/1/2021
Beras Medium,2021,Juli,10846,7/1/2021
Kedelai Biji Kering,2021,Juli,11859,7/1/2021
Bawang Merah,2021,Juli,31897,7/1/2021
Bawang Putih (Bonggol),2021,Juli,29077,7/1/2021
Cabai Merah Keriting,2021,Juli,36599,7/1/2021
Cabai Rawit Merah,2021,Juli,63021,7/1/2021
Daging Sapi Murni,2021,Juli,125917,7/1/2021
Daging Ayam Ras,2021,Juli,34537,7/1/2021
Telur Ayam Ras,2021,Juli,25107,7/1/2021
Gula Pasir Lokal/Curah,2021,Juli,13345,7/1/2021
Tepung Terigu Curah,2021,Juli,8481,7/1/2021
Minyak Goreng Kemasan,2021,Juli,14451,7/1/2021
Beras Premium,2021,Agustus,12321,8/1/2021
Beras Medium,2021,Agustus,10820,8/1/2021
Kedelai Biji Kering,2021,Agustus,11821,8/1/2021
Bawang Merah,2021,Agustus,32657,8/1/2021
Bawang Putih (Bonggol),2021,Agustus,29330,8/1/2021
Cabai Merah Keriting,2021,Agustus,30963,8/1/2021
Cabai Rawit Merah,2021,Agustus,46882,8/1/2021
Daging Sapi Murni,2021,Agustus,125303,8/1/2021
Daging Ayam Ras,2021,Agustus,33539,8/1/2021
Telur Ayam Ras,2021,Agustus,25028,8/1/2021
Gula Pasir Lokal/Curah,2021,Agustus,13301,8/1/2021
Tepung Terigu Curah,2021,Agustus,8472,8/1/2021
Minyak Goreng Kemasan,2021,Agustus,14861,8/1/2021
Beras Premium,2021,September,12318,9/1/2021
Beras Medium,2021,September,10810,9/1/2021
Kedelai Biji Kering,2021,September,11784,9/1/2021
Bawang Merah,2021,September,28890,9/1/2021
Bawang Putih (Bonggol),2021,September,28581,9/1/2021
Cabai Merah Keriting,2021,September,28052,9/1/2021
Cabai Rawit Merah,2021,September,35584,9/1/2021
Daging Sapi Murni,2021,September,125214,9/1/2021
Daging Ayam Ras,2021,September,34391,9/1/2021
Telur Ayam Ras,2021,September,23474,9/1/2021
Gula Pasir Lokal/Curah,2021,September,13277,9/1/2021
Tepung Terigu Curah,2021,September,8488,9/1/2021
Minyak Goreng Kemasan,2021,September,15244,9/1/2021
Beras Premium,2021,Oktober,12333,10/1/2021
Beras Medium,2021,Oktober,10823,10/1/2021
Kedelai Biji Kering,2021,Oktober,11811,10/1/2021
Bawang Merah,2021,Oktober,28004,10/1/2021
Bawang Putih (Bonggol),2021,Oktober,28351,10/1/2021
Cabai Merah Keriting,2021,Oktober,32515,10/1/2021
Cabai Rawit Merah,2021,Oktober,36846,10/1/2021
Daging Sapi Murni,2021,Oktober,125353,10/1/2021
Daging Ayam Ras,2021,Oktober,35184,10/1/2021
Telur Ayam Ras,2021,Oktober,22611,10/1/2021
Gula Pasir Lokal/Curah,2021,Oktober,13289,10/1/2021
Tepung Terigu Curah,2021,Oktober,8502,10/1/2021
Minyak Goreng Kemasan,2021,Oktober,15938,10/1/2021
Beras Premium,2021,November,12331,11/1/2021
Beras Medium,2021,November,10819,11/1/2021
Kedelai Biji Kering,2021,November,11822,11/1/2021
Bawang Merah,2021,November,26510,11/1/2021
Bawang Putih (Bonggol),2021,November,27976,11/1/2021
Cabai Merah Keriting,2021,November,38338,11/1/2021
Cabai Rawit Merah,2021,November,35465,11/1/2021
Daging Sapi Murni,2021,November,125497,11/1/2021
Daging Ayam Ras,2021,November,35118,11/1/2021
Telur Ayam Ras,2021,November,24069,11/1/2021
Gula Pasir Lokal/Curah,2021,November,13332,11/1/2021
Tepung Terigu Curah,2021,November,8576,11/1/2021
Minyak Goreng Kemasan,2021,November,17748,11/1/2021
Beras Premium,2021,Desember,12378,12/1/2021
Beras Medium,2021,Desember,10847,12/1/2021
Kedelai Biji Kering,2021,Desember,11898,12/1/2021
Bawang Merah,2021,Desember,26854,12/1/2021
Bawang Putih (Bonggol),2021,Desember,28129,12/1/2021
Cabai Merah Keriting,2021,Desember,45231,12/1/2021
Cabai Rawit Merah,2021,Desember,72410,12/1/2021
Daging Sapi Murni,2021,Desember,126181,12/1/2021
Daging Ayam Ras,2021,Desember,35497,12/1/2021
Telur Ayam Ras,2021,Desember,25943,12/1/2021
Gula Pasir Lokal/Curah,2021,Desember,13392,12/1/2021
Tepung Terigu Curah,2021,Desember,8688,12/1/2021
Minyak Goreng Kemasan,2021,Desember,19064,12/1/2021
Beras Premium,2022,Januari,12438,1/1/2022
Beras Medium,2022,Januari,10902,1/1/2022
Kedelai Biji Kering,2022,Januari,12108,1/1/2022
Bawang Merah,2022,Januari,28672,1/1/2022
Bawang Putih (Bonggol),2022,Januari,28882,1/1/2022
Cabai Merah Keriting,2022,Januari,37987,1/1/2022
Cabai Rawit Merah,2022,Januari,60194,1/1/2022
Daging Sapi Murni,2022,Januari,126545,1/1/2022
Daging Ayam Ras,2022,Januari,37787,1/1/2022
Telur Ayam Ras,2022,Januari,27384,1/1/2022
Gula Pasir Lokal/Curah,2022,Januari,13844,1/1/2022
Tepung Terigu Curah,2022,Januari,8948,1/1/2022
Minyak Goreng Kemasan,2022,Januari,19692,1/1/2022
Minyak Goreng Curah,2022,Januari,,1/1/2022
Jagung Tk. Peternak,2022,Januari,,1/1/2022
Beras Premium,2022,Februari,12390,2/1/2022
Beras Medium,2022,Februari,10880,2/1/2022
Kedelai Biji Kering,2022,Februari,12378,2/1/2022
Bawang Merah,2022,Februari,31832,2/1/2022
Bawang Putih (Bonggol),2022,Februari,29113,2/1/2022
Cabai Merah Keriting,2022,Februari,37902,2/1/2022
Cabai Rawit Merah,2022,Februari,49521,2/1/2022
Daging Sapi Murni,2022,Februari,126336,2/1/2022
Daging Ayam Ras,2022,Februari,35962,2/1/2022
Telur Ayam Ras,2022,Februari,24036,2/1/2022
Gula Pasir Lokal/Curah,2022,Februari,14197,2/1/2022
Tepung Terigu Curah,2022,Februari,9138,2/1/2022
Minyak Goreng Kemasan,2022,Februari,18228,2/1/2022
Minyak Goreng Curah,2022,Februari,,2/1/2022
Jagung Tk. Peternak,2022,Februari,,2/1/2022
Beras Premium,2022,Maret,12433,3/1/2022
Beras Medium,2022,Maret,10919,3/1/2022
Kedelai Biji Kering,2022,Maret,13057,3/1/2022
Bawang Merah,2022,Maret,35044,3/1/2022
Bawang Putih (Bonggol),2022,Maret,30453,3/1/2022
Cabai Merah Keriting,2022,Maret,48708,3/1/2022
Cabai Rawit Merah,2022,Maret,62015,3/1/2022
Daging Sapi Murni,2022,Maret,128553,3/1/2022
Daging Ayam Ras,2022,Maret,36295,3/1/2022
Telur Ayam Ras,2022,Maret,24844,3/1/2022
Gula Pasir Lokal/Curah,2022,Maret,14391,3/1/2022
Tepung Terigu Curah,2022,Maret,9348,3/1/2022
Minyak Goreng Kemasan,2022,Maret,20117,3/1/2022
Minyak Goreng Curah,2022,Maret,,3/1/2022
Jagung Tk. Peternak,2022,Maret,,3/1/2022
Beras Premium,2022,April,12445,4/1/2022
Beras Medium,2022,April,10898,4/1/2022
Kedelai Biji Kering,2022,April,13485,4/1/2022
Bawang Merah,2022,April,33541,4/1/2022
Bawang Putih (Bonggol),2022,April,31123,4/1/2022
Cabai Merah Keriting,2022,April,44101,4/1/2022
Cabai Rawit Merah,2022,April,51119,4/1/2022
Daging Sapi Murni,2022,April,132813,4/1/2022
Daging Ayam Ras,2022,April,38061,4/1/2022
Telur Ayam Ras,2022,April,25759,4/1/2022
Gula Pasir Lokal/Curah,2022,April,14789,4/1/2022
Tepung Terigu Curah,2022,April,9719,4/1/2022
Minyak Goreng Kemasan,2022,April,24523,4/1/2022
Minyak Goreng Curah,2022,April,18611,4/1/2022
Jagung Tk. Peternak,2022,April,,4/1/2022
Beras Premium,2022,Mei,12410,5/1/2022
Beras Medium,2022,Mei,10847,5/1/2022
Kedelai Biji Kering,2022,Mei,13608,5/1/2022
Bawang Merah,2022,Mei,38297,5/1/2022
Bawang Putih (Bonggol),2022,Mei,30699,5/1/2022
Cabai Merah Keriting,2022,Mei,43860,5/1/2022
Cabai Rawit Merah,2022,Mei,49009,5/1/2022
Daging Sapi Murni,2022,Mei,135729,5/1/2022
Daging Ayam Ras,2022,Mei,39175,5/1/2022
Telur Ayam Ras,2022,Mei,27098,5/1/2022
Gula Pasir Lokal/Curah,2022,Mei,14800,5/1/2022
Tepung Terigu Curah,2022,Mei,9854,5/1/2022
Minyak Goreng Kemasan,2022,Mei,25062,5/1/2022
Minyak Goreng Curah,2022,Mei,17758,5/1/2022
Jagung Tk. Peternak,2022,Mei,5482,5/1/2022
Beras Premium,2022,Juni,12360,6/1/2022
Beras Medium,2022,Juni,10779,6/1/2022
Kedelai Biji Kering,2022,Juni,13711,6/1/2022
Bawang Merah,2022,Juni,48894,6/1/2022
Bawang Putih (Bonggol),2022,Juni,28411,6/1/2022
Cabai Merah Keriting,2022,Juni,65698,6/1/2022
Cabai Rawit Merah,2022,Juni,80021,6/1/2022
Daging Sapi Murni,2022,Juni,134187,6/1/2022
Daging Ayam Ras,2022,Juni,37755,6/1/2022
Telur Ayam Ras,2022,Juni,28220,6/1/2022
Gula Pasir Lokal/Curah,2022,Juni,14685,6/1/2022
Tepung Terigu Curah,2022,Juni,9989,6/1/2022
Minyak Goreng Kemasan,2022,Juni,24239,6/1/2022
Minyak Goreng Curah,2022,Juni,16784,6/1/2022
Jagung Tk. Peternak,2022,Juni,5457,6/1/2022
Beras Premium,2022,Juli,12351,7/1/2022
Beras Medium,2022,Juli,10777,7/1/2022
Kedelai Biji Kering,2022,Juli,13752,7/1/2022
Bawang Merah,2022,Juli,57859,7/1/2022
Bawang Putih (Bonggol),2022,Juli,27074,7/1/2022
Cabai Merah Keriting,2022,Juli,76189,7/1/2022
Cabai Rawit Merah,2022,Juli,83160,7/1/2022
Daging Sapi Murni,2022,Juli,134773,7/1/2022
Daging Ayam Ras,2022,Juli,37183,7/1/2022
Telur Ayam Ras,2022,Juli,28108,7/1/2022
Gula Pasir Lokal/Curah,2022,Juli,14518,7/1/2022
Tepung Terigu Curah,2022,Juli,10296,7/1/2022
Minyak Goreng Kemasan,2022,Juli,22558,7/1/2022
Minyak Goreng Curah,2022,Juli,15325,7/1/2022
Jagung Tk. Peternak,2022,Juli,5345,7/1/2022
Beras Premium,2022,Agustus,12391,8/1/2022
Beras Medium,2022,Agustus,10849,8/1/2022
Kedelai Biji Kering,2022,Agustus,13773,8/1/2022
Bawang Merah,2022,Agustus,40822,8/1/2022
Bawang Putih (Bonggol),2022,Agustus,26541,8/1/2022
Cabai Merah Keriting,2022,Agustus,64255,8/1/2022
Cabai Rawit Merah,2022,Agustus,63360,8/1/2022
Daging Sapi Murni,2022,Agustus,133969,8/1/2022
Daging Ayam Ras,2022,Agustus,35489,8/1/2022
Telur Ayam Ras,2022,Agustus,28834,8/1/2022
Gula Pasir Lokal/Curah,2022,Agustus,14401,8/1/2022
Tepung Terigu Curah,2022,Agustus,10507,8/1/2022
Minyak Goreng Kemasan,2022,Agustus,20078,8/1/2022
Minyak Goreng Curah,2022,Agustus,14174,8/1/2022
Jagung Tk. Peternak,2022,Agustus,5334,8/1/2022
Beras Premium,2022,September,12570,9/1/2022
Beras Medium,2022,September,11024,9/1/2022
Kedelai Biji Kering,2022,September,13895,9/1/2022
Bawang Merah,2022,September,34587,9/1/2022
Bawang Putih (Bonggol),2022,September,26296,9/1/2022
Cabai Merah Keriting,2022,September,62451,9/1/2022
Cabai Rawit Merah,2022,September,62867,9/1/2022
Daging Sapi Murni,2022,September,134281,9/1/2022
Daging Ayam Ras,2022,September,35251,9/1/2022
Telur Ayam Ras,2022,September,29065,9/1/2022
Gula Pasir Lokal/Curah,2022,September,14359,9/1/2022
Tepung Terigu Curah,2022,September,10791,9/1/2022
Minyak Goreng Kemasan,2022,September,19031,9/1/2022
Minyak Goreng Curah,2022,September,13924,9/1/2022
Jagung Tk. Peternak,2022,September,5357,9/1/2022
Beras Premium,2022,Oktober,12728,10/1/2022
Beras Medium,2022,Oktober,11144,10/1/2022
Kedelai Biji Kering,2022,Oktober,14115,10/1/2022
Bawang Merah,2022,Oktober,33778,10/1/2022
Bawang Putih (Bonggol),2022,Oktober,25934,10/1/2022
Cabai Merah Keriting,2022,Oktober,46646,10/1/2022
Cabai Rawit Merah,2022,Oktober,55523,10/1/2022
Daging Sapi Murni,2022,Oktober,134433,10/1/2022
Daging Ayam Ras,2022,Oktober,34282,10/1/2022
Telur Ayam Ras,2022,Oktober,27179,10/1/2022
Gula Pasir Lokal/Curah,2022,Oktober,14277,10/1/2022
Tepung Terigu Curah,2022,Oktober,10933,10/1/2022
Minyak Goreng Kemasan,2022,Oktober,18255,10/1/2022
Minyak Goreng Curah,2022,Oktober,13779,10/1/2022
Jagung Tk. Peternak,2022,Oktober,5402,10/1/2022
Beras Premium,2022,November,12796,11/1/2022
Beras Medium,2022,November,11196,11/1/2022
Kedelai Biji Kering,2022,November,14568,11/1/2022
Bawang Merah,2022,November,35146,11/1/2022
Bawang Putih (Bonggol),2022,November,25701,11/1/2022
Cabai Merah Keriting,2022,November,36830,11/1/2022
Cabai Rawit Merah,2022,November,44991,11/1/2022
Daging Sapi Murni,2022,November,134716,11/1/2022
Daging Ayam Ras,2022,November,34691,11/1/2022
Telur Ayam Ras,2022,November,27725,11/1/2022
Gula Pasir Lokal/Curah,2022,November,14267,11/1/2022
Tepung Terigu Curah,2022,November,11023,11/1/2022
Minyak Goreng Kemasan,2022,November,17967,11/1/2022
Minyak Goreng Curah,2022,November,14040,11/1/2022
Jagung Tk. Peternak,2022,November,5312,11/1/2022
Beras Premium,2022,Desember,13001,12/1/2022
Beras Medium,2022,Desember,11405,12/1/2022
Kedelai Biji Kering,2022,Desember,14810,12/1/2022
Bawang Merah,2022,Desember,36090,12/1/2022
Bawang Putih (Bonggol),2022,Desember,26445,12/1/2022
Cabai Merah Keriting,2022,Desember,38414,12/1/2022
Cabai Rawit Merah,2022,Desember,51361,12/1/2022
Daging Sapi Murni,2022,Desember,135400,12/1/2022
Daging Ayam Ras,2022,Desember,36007,12/1/2022
Telur Ayam Ras,2022,Desember,29845,12/1/2022
Gula Pasir Lokal/Curah,2022,Desember,14307,12/1/2022
Tepung Terigu Curah,2022,Desember,11140,12/1/2022
Minyak Goreng Kemasan,2022,Desember,17988,12/1/2022
Minyak Goreng Curah,2022,Desember,14421,12/1/2022
Jagung Tk. Peternak,2022,Desember,5564,12/1/2022
Beras Premium,2023,Januari,13241,1/1/2023
Beras Medium,2023,Januari,11619,1/1/2023
Kedelai Biji Kering,2023,Januari,14969,1/1/2023
Bawang Merah,2023,Januari,38503,1/1/2023
Bawang Putih (Bonggol),2023,Januari,27801,1/1/2023
Cabai Merah Keriting,2023,Januari,40805,1/1/2023
Cabai Rawit Merah,2023,Januari,57664,1/1/2023
Daging Sapi Murni,2023,Januari,135632,1/1/2023
Daging Ayam Ras,2023,Januari,35612,1/1/2023
Telur Ayam Ras,2023,Januari,29253,1/1/2023
Gula Pasir Lokal/Curah,2023,Januari,14362,1/1/2023
Tepung Terigu Curah,2023,Januari,11190,1/1/2023
Tepung Terigu Kemasan,2023,Januari,,1/1/2023
Minyak Goreng Kemasan,2023,Januari,18045,1/1/2023
Minyak Goreng Curah,2023,Januari,14830,1/1/2023
Jagung Tk. Peternak,2023,Januari,5734,1/1/2023
Ikan Kembung,2023,Januari,,1/1/2023
Ikan Tongkol,2023,Januari,,1/1/2023
Ikan Bandeng,2023,Januari,,1/1/2023
Garam konsumsi,2023,Januari,,1/1/2023
Beras Premium,2023,Februari,13524,2/1/2023
Beras Medium,2023,Februari,11848,2/1/2023
Kedelai Biji Kering,2023,Februari,14931,2/1/2023
Bawang Merah,2023,Februari,38892,2/1/2023
Bawang Putih (Bonggol),2023,Februari,29288,2/1/2023
Cabai Merah Keriting,2023,Februari,43711,2/1/2023
Cabai Rawit Merah,2023,Februari,58589,2/1/2023
Daging Sapi Murni,2023,Februari,135061,2/1/2023
Daging Ayam Ras,2023,Februari,34412,2/1/2023
Telur Ayam Ras,2023,Februari,28210,2/1/2023
Gula Pasir Lokal/Curah,2023,Februari,14404,2/1/2023
Tepung Terigu Curah,2023,Februari,11226,2/1/2023
Tepung Terigu Kemasan,2023,Februari,,2/1/2023
Minyak Goreng Kemasan,2023,Februari,18207,2/1/2023
Minyak Goreng Curah,2023,Februari,15105,2/1/2023
Jagung Tk. Peternak,2023,Februari,5820,2/1/2023
Ikan Kembung,2023,Februari,40317,2/1/2023
Ikan Tongkol,2023,Februari,36954,2/1/2023
Ikan Bandeng,2023,Februari,35202,2/1/2023
Garam konsumsi,2023,Februari,,2/1/2023
Beras Premium,2023,Maret,13630,3/1/2023
Beras Medium,2023,Maret,11906,3/1/2023
Kedelai Biji Kering,2023,Maret,14912,3/1/2023
Bawang Merah,2023,Maret,36061,3/1/2023
Bawang Putih (Bonggol),2023,Maret,31938,3/1/2023
Cabai Merah Keriting,2023,Maret,45180,3/1/2023
Cabai Rawit Merah,2023,Maret,67390,3/1/2023
Daging Sapi Murni,2023,Maret,135713,3/1/2023
Daging Ayam Ras,2023,Maret,34672,3/1/2023
Telur Ayam Ras,2023,Maret,28772,3/1/2023
Gula Pasir Lokal/Curah,2023,Maret,14404,3/1/2023
Tepung Terigu Curah,2023,Maret,11279,3/1/2023
Tepung Terigu Kemasan,2023,Maret,,3/1/2023
Minyak Goreng Kemasan,2023,Maret,18174,3/1/2023
Minyak Goreng Curah,2023,Maret,15069,3/1/2023
Jagung Tk. Peternak,2023,Maret,5963,3/1/2023
Ikan Kembung,2023,Maret,40543,3/1/2023
Ikan Tongkol,2023,Maret,36988,3/1/2023
Ikan Bandeng,2023,Maret,35396,3/1/2023
Garam konsumsi,2023,Maret,,3/1/2023
Beras Premium,2023,April,13699,4/1/2023
Beras Medium,2023,April,11958,4/1/2023
Kedelai Biji Kering,2023,April,14829,4/1/2023
Bawang Merah,2023,April,35920,4/1/2023
Bawang Putih (Bonggol),2023,April,32589,4/1/2023
Cabai Merah Keriting,2023,April,38950,4/1/2023
Cabai Rawit Merah,2023,April,45530,4/1/2023
Daging Sapi Murni,2023,April,137527,4/1/2023
Daging Ayam Ras,2023,April,35329,4/1/2023
Telur Ayam Ras,2023,April,29105,4/1/2023
Gula Pasir Lokal/Curah,2023,April,14426,4/1/2023
Tepung Terigu Curah,2023,April,11266,4/1/2023
Tepung Terigu Kemasan,2023,April,13827,4/1/2023
Minyak Goreng Kemasan,2023,April,18267,4/1/2023
Minyak Goreng Curah,2023,April,15075,4/1/2023
Jagung Tk. Peternak,2023,April,6105,4/1/2023
Ikan Kembung,2023,April,40886,4/1/2023
Ikan Tongkol,2023,April,37167,4/1/2023
Ikan Bandeng,2023,April,36107,4/1/2023
Garam konsumsi,2023,April,11849,4/1/2023
Beras Premium,2023,Mei,13662,5/1/2023
Beras Medium,2023,Mei,11930,5/1/2023
Kedelai Biji Kering,2023,Mei,13391,5/1/2023
Bawang Merah,2023,Mei,39244,5/1/2023
Bawang Putih (Bonggol),2023,Mei,36313,5/1/2023
Cabai Merah Keriting,2023,Mei,36460,5/1/2023
Cabai Rawit Merah,2023,Mei,42257,5/1/2023
Daging Sapi Murni,2023,Mei,136245,5/1/2023
Daging Ayam Ras,2023,Mei,36855,5/1/2023
Telur Ayam Ras,2023,Mei,30338,5/1/2023
Gula Pasir Lokal/Curah,2023,Mei,14475,5/1/2023
Tepung Terigu Curah,2023,Mei,11216,5/1/2023
Tepung Terigu Kemasan,2023,Mei,13811,5/1/2023
Minyak Goreng Kemasan,2023,Mei,18198,5/1/2023
Minyak Goreng Curah,2023,Mei,15050,5/1/2023
Jagung Tk. Peternak,2023,Mei,6217,5/1/2023
Ikan Kembung,2023,Mei,40993,5/1/2023
Ikan Tongkol,2023,Mei,37221,5/1/2023
Ikan Bandeng,2023,Mei,35962,5/1/2023
Garam konsumsi,2023,Mei,11936,5/1/2023
Beras Premium,2023,Juni,13657,6/1/2023
Beras Medium,2023,Juni,11905,6/1/2023
Kedelai Biji Kering,2023,Juni,13057,6/1/2023
Bawang Merah,2023,Juni,38334,6/1/2023
Bawang Putih (Bonggol),2023,Juni,37832,6/1/2023
Cabai Merah Keriting,2023,Juni,38706,6/1/2023
Cabai Rawit Merah,2023,Juni,44801,6/1/2023
Daging Sapi Murni,2023,Juni,136314,6/1/2023
Daging Ayam Ras,2023,Juni,38607,6/1/2023
Telur Ayam Ras,2023,Juni,30636,6/1/2023
Gula Pasir Lokal/Curah,2023,Juni,14533,6/1/2023
Tepung Terigu Curah,2023,Juni,11151,6/1/2023
Tepung Terigu Kemasan,2023,Juni,13769,6/1/2023
Minyak Goreng Kemasan,2023,Juni,18072,6/1/2023
Minyak Goreng Curah,2023,Juni,14971,6/1/2023
Jagung Tk. Peternak,2023,Juni,6259,6/1/2023
Ikan Kembung,2023,Juni,40790,6/1/2023
Ikan Tongkol,2023,Juni,36868,6/1/2023
Ikan Bandeng,2023,Juni,35606,6/1/2023
Garam konsumsi,2023,Juni,11978,6/1/2023
Beras Premium,2023,Juli,13669,7/1/2023
Beras Medium,2023,Juli,11977,7/1/2023
Kedelai Biji Kering,2023,Juli,13098,7/1/2023
Bawang Merah,2023,Juli,35513,7/1/2023
Bawang Putih (Bonggol),2023,Juli,40433,7/1/2023
Cabai Merah Keriting,2023,Juli,41279,7/1/2023
Cabai Rawit Merah,2023,Juli,43276,7/1/2023
Daging Sapi Murni,2023,Juli,135789,7/1/2023
Daging Ayam Ras,2023,Juli,37898,7/1/2023
Telur Ayam Ras,2023,Juli,30943,7/1/2023
Gula Pasir Lokal/Curah,2023,Juli,14647,7/1/2023
Tepung Terigu Curah,2023,Juli,11126,7/1/2023
Tepung Terigu Kemasan,2023,Juli,13748,7/1/2023
Minyak Goreng Kemasan,2023,Juli,17893,7/1/2023
Minyak Goreng Curah,2023,Juli,14847,7/1/2023
Jagung Tk. Peternak,2023,Juli,6239,7/1/2023
Ikan Kembung,2023,Juli,40746,7/1/2023
Ikan Tongkol,2023,Juli,36594,7/1/2023
Ikan Bandeng,2023,Juli,35530,7/1/2023
Garam konsumsi,2023,Juli,12011,7/1/2023
Beras Premium,2023,Agustus,13872,8/1/2023
Beras Medium,2023,Agustus,12187,8/1/2023
Kedelai Biji Kering,2023,Agustus,13063,8/1/2023
Bawang Merah,2023,Agustus,29170,8/1/2023
Bawang Putih (Bonggol),2023,Agustus,39338,8/1/2023
Cabai Merah Keriting,2023,Agustus,42965,8/1/2023
Cabai Rawit Merah,2023,Agustus,46711,8/1/2023
Daging Sapi Murni,2023,Agustus,135807,8/1/2023
Daging Ayam Ras,2023,Agustus,36053,8/1/2023
Telur Ayam Ras,2023,Agustus,30470,8/1/2023
Gula Pasir Lokal/Curah,2023,Agustus,14767,8/1/2023
Tepung Terigu Curah,2023,Agustus,11107,8/1/2023
Tepung Terigu Kemasan,2023,Agustus,13769,8/1/2023
Minyak Goreng Kemasan,2023,Agustus,17780,8/1/2023
Minyak Goreng Curah,2023,Agustus,14738,8/1/2023
Jagung Tk. Peternak,2023,Agustus,6721,8/1/2023
Ikan Kembung,2023,Agustus,40649,8/1/2023
Ikan Tongkol,2023,Agustus,36453,8/1/2023
Ikan Bandeng,2023,Agustus,35270,8/1/2023
Garam konsumsi,2023,Agustus,12052,8/1/2023
Beras Premium,2023,September,14582,9/1/2023
Beras Medium,2023,September,12940,9/1/2023
Kedelai Biji Kering,2023,September,13105,9/1/2023
Bawang Merah,2023,September,25148,9/1/2023
Bawang Putih (Bonggol),2023,September,37651,9/1/2023
Cabai Merah Keriting,2023,September,41007,9/1/2023
Cabai Rawit Merah,2023,September,38539,9/1/2023
Daging Sapi Murni,2023,September,135772,9/1/2023
Daging Ayam Ras,2023,September,35626,9/1/2023
Telur Ayam Ras,2023,September,29054,9/1/2023
Gula Pasir Lokal/Curah,2023,September,15014,9/1/2023
Tepung Terigu Curah,2023,September,11054,9/1/2023
Tepung Terigu Kemasan,2023,September,13758,9/1/2023
Minyak Goreng Kemasan,2023,September,17653,9/1/2023
Minyak Goreng Curah,2023,September,14687,9/1/2023
Jagung Tk. Peternak,2023,September,7064,9/1/2023
Ikan Kembung,2023,September,40305,9/1/2023
Ikan Tongkol,2023,September,36396,9/1/2023
Ikan Bandeng,2023,September,35601,9/1/2023
Garam konsumsi,2023,September,12074,9/1/2023
Beras Premium,2023,Oktober,15014,10/1/2023
Beras Medium,2023,Oktober,13277,10/1/2023
Kedelai Biji Kering,2023,Oktober,13222,10/1/2023
Bawang Merah,2023,Oktober,24403,10/1/2023
Bawang Putih (Bonggol),2023,Oktober,36810,10/1/2023
Cabai Merah Keriting,2023,Oktober,46029,10/1/2023
Cabai Rawit Merah,2023,Oktober,55904,10/1/2023
Daging Sapi Murni,2023,Oktober,135393,10/1/2023
Daging Ayam Ras,2023,Oktober,35808,10/1/2023
Telur Ayam Ras,2023,Oktober,28248,10/1/2023
Gula Pasir Lokal/Curah,2023,Oktober,15681,10/1/2023
Tepung Terigu Curah,2023,Oktober,11021,10/1/2023
Tepung Terigu Kemasan,2023,Oktober,13712,10/1/2023
Minyak Goreng Kemasan,2023,Oktober,17581,10/1/2023
Minyak Goreng Curah,2023,Oktober,14623,10/1/2023
Jagung Tk. Peternak,2023,Oktober,7322,10/1/2023
Ikan Kembung,2023,Oktober,39520,10/1/2023
Ikan Tongkol,2023,Oktober,35667,10/1/2023
Ikan Bandeng,2023,Oktober,35610,10/1/2023
Garam konsumsi,2023,Oktober,11972,10/1/2023
Beras Premium,2023,November,15045,11/1/2023
Beras Medium,2023,November,13234,11/1/2023
Kedelai Biji Kering,2023,November,13455,11/1/2023
Bawang Merah,2023,November,28846,11/1/2023
Bawang Putih (Bonggol),2023,November,36112,11/1/2023
Cabai Merah Keriting,2023,November,65453,11/1/2023
Cabai Rawit Merah,2023,November,79462,11/1/2023
Daging Sapi Murni,2023,November,135300,11/1/2023
Daging Ayam Ras,2023,November,35219,11/1/2023
Telur Ayam Ras,2023,November,28415,11/1/2023
Gula Pasir Lokal/Curah,2023,November,16703,11/1/2023
Tepung Terigu Curah,2023,November,10972,11/1/2023
Tepung Terigu Kemasan,2023,November,13689,11/1/2023
Minyak Goreng Kemasan,2023,November,17558,11/1/2023
Minyak Goreng Curah,2023,November,14690,11/1/2023
Jagung Tk. Peternak,2023,November,7499,11/1/2023
Ikan Kembung,2023,November,39109,11/1/2023
Ikan Tongkol,2023,November,34754,11/1/2023
Ikan Bandeng,2023,November,35250,11/1/2023
Garam konsumsi,2023,November,11987,11/1/2023
Beras Premium,2023,Desember,15057,12/1/2023
Beras Medium,2023,Desember,13255,12/1/2023
Kedelai Biji Kering,2023,Desember,13492,12/1/2023
Bawang Merah,2023,Desember,33359,12/1/2023
Bawang Putih (Bonggol),2023,Desember,36954,12/1/2023
Cabai Merah Keriting,2023,Desember,66834,12/1/2023
Cabai Rawit Merah,2023,Desember,88073,12/1/2023
Daging Sapi Murni,2023,Desember,135476,12/1/2023
Daging Ayam Ras,2023,Desember,35499,12/1/2023
Telur Ayam Ras,2023,Desember,28520,12/1/2023
Gula Pasir Lokal/Curah,2023,Desember,17342,12/1/2023
Tepung Terigu Curah,2023,Desember,10914,12/1/2023
Tepung Terigu Kemasan,2023,Desember,13654,12/1/2023
Minyak Goreng Kemasan,2023,Desember,17555,12/1/2023
Minyak Goreng Curah,2023,Desember,14764,12/1/2023
Jagung Tk. Peternak,2023,Desember,7608,12/1/2023
Ikan Kembung,2023,Desember,38903,12/1/2023
Ikan Tongkol,2023,Desember,34442,12/1/2023
Ikan Bandeng,2023,Desember,35134,12/1/2023
Garam konsumsi,2023,Desember,12051,12/1/2023
Beras Premium,2024,Januari,15217,1/1/2024
Beras Medium,2024,Januari,13411,1/1/2024
Kedelai Biji Kering,2024,Januari,13594,1/1/2024
Bawang Merah,2024,Januari,37119,1/1/2024
Bawang Putih (Bonggol),2024,Januari,38980,1/1/2024
Cabai Merah Keriting,2024,Januari,52611,1/1/2024
Cabai Rawit Merah,2024,Januari,56640,1/1/2024
Daging Sapi Murni,2024,Januari,135059,1/1/2024
Daging Ayam Ras,2024,Januari,36139,1/1/2024
Telur Ayam Ras,2024,Januari,28445,1/1/2024
Gula Pasir Lokal/Curah,2024,Januari,17414,1/1/2024
Tepung Terigu Curah,2024,Januari,10818,1/1/2024
Tepung Terigu Kemasan,2024,Januari,13606,1/1/2024
Minyak Goreng Kemasan,2024,Januari,17465,1/1/2024
Minyak Goreng Curah,2024,Januari,14899,1/1/2024
Jagung Tk. Peternak,2024,Januari,8352,1/1/2024
Ikan Kembung,2024,Januari,38930,1/1/2024
Ikan Tongkol,2024,Januari,33874,1/1/2024
Ikan Bandeng,2024,Januari,35104,1/1/2024
Garam konsumsi,2024,Januari,12064,1/1/2024
Beras Premium,2024,Februari,16047,2/1/2024
Beras Medium,2024,Februari,14081,2/1/2024
Kedelai Biji Kering,2024,Februari,13508,2/1/2024
Bawang Merah,2024,Februari,34605,2/1/2024
Bawang Putih (Bonggol),2024,Februari,39090,2/1/2024
Cabai Merah Keriting,2024,Februari,62045,2/1/2024
Cabai Rawit Merah,2024,Februari,58265,2/1/2024
Daging Sapi Murni,2024,Februari,134921,2/1/2024
Daging Ayam Ras,2024,Februari,36997,2/1/2024
Telur Ayam Ras,2024,Februari,29413,2/1/2024
Gula Pasir Lokal/Curah,2024,Februari,17630,2/1/2024
Tepung Terigu Curah,2024,Februari,10781,2/1/2024
Tepung Terigu Kemasan,2024,Februari,13655,2/1/2024
Minyak Goreng Kemasan,2024,Februari,17647,2/1/2024
Minyak Goreng Curah,2024,Februari,15358,2/1/2024
Jagung Tk. Peternak,2024,Februari,9010,2/1/2024
Ikan Kembung,2024,Februari,38809,2/1/2024
Ikan Tongkol,2024,Februari,33583,2/1/2024
Ikan Bandeng,2024,Februari,34891,2/1/2024
Garam konsumsi,2024,Februari,12218,2/1/2024
Beras Premium,2024,Maret,16517,3/1/2024
Beras Medium,2024,Maret,14370,3/1/2024
Kedelai Biji Kering,2024,Maret,13446,3/1/2024
Bawang Merah,2024,Maret,34895,3/1/2024
Bawang Putih (Bonggol),2024,Maret,41118,3/1/2024
Cabai Merah Keriting,2024,Maret,58651,3/1/2024
Cabai Rawit Merah,2024,Maret,59817,3/1/2024
Daging Sapi Murni,2024,Maret,136142,3/1/2024
Daging Ayam Ras,2024,Maret,38512,3/1/2024
Telur Ayam Ras,2024,Maret,31923,3/1/2024
Gula Pasir Lokal/Curah,2024,Maret,17904,3/1/2024
Tepung Terigu Curah,2024,Maret,11524,3/1/2024
Tepung Terigu Kemasan,2024,Maret,14446,3/1/2024
Minyak Goreng Kemasan,2024,Maret,19060,3/1/2024
Minyak Goreng Curah,2024,Maret,15792,3/1/2024
Jagung Tk. Peternak,2024,Maret,8786,3/1/2024
Ikan Kembung,2024,Maret,40702,3/1/2024
Ikan Tongkol,2024,Maret,35754,3/1/2024
Ikan Bandeng,2024,Maret,38691,3/1/2024
Garam konsumsi,2024,Maret,12690,3/1/2024
Beras Premium,2024,April,16102,4/1/2024
Beras Medium,2024,April,13880,4/1/2024
Kedelai Biji Kering,2024,April,13411,4/1/2024
Bawang Merah,2024,April,47804,4/1/2024
Bawang Putih (Bonggol),2024,April,43647,4/1/2024
Cabai Merah Keriting,2024,April,49095,4/1/2024
Cabai Rawit Merah,2024,April,53110,4/1/2024
Daging Sapi Murni,2024,April,137824,4/1/2024
Daging Ayam Ras,2024,April,38884,4/1/2024
Telur Ayam Ras,2024,April,30960,4/1/2024
Gula Pasir Lokal/Curah,2024,April,18145,4/1/2024
Tepung Terigu Curah,2024,April,11474,4/1/2024
Tepung Terigu Kemasan,2024,April,14417,4/1/2024
Minyak Goreng Kemasan,2024,April,19187,4/1/2024
Minyak Goreng Curah,2024,April,15976,4/1/2024
Jagung Tk. Peternak,2024,April,8366,4/1/2024
Ikan Kembung,2024,April,40775,4/1/2024
Ikan Tongkol,2024,April,35784,4/1/2024
Ikan Bandeng,2024,April,38475,4/1/2024
Garam konsumsi,2024,April,12590,4/1/2024
Beras Premium,2024,Mei,15623,5/1/2024
Beras Medium,2024,Mei,13562,5/1/2024
Kedelai Biji Kering,2024,Mei,12282,5/1/2024
Bawang Merah,2024,Mei,48659,5/1/2024
Bawang Putih (Bonggol),2024,Mei,43448,5/1/2024
Cabai Merah Keriting,2024,Mei,48650,5/1/2024
Cabai Rawit Merah,2024,Mei,47795,5/1/2024
Daging Sapi Murni,2024,Mei,136400,5/1/2024
Daging Ayam Ras,2024,Mei,38513,5/1/2024
Telur Ayam Ras,2024,Mei,30731,5/1/2024
Gula Pasir Lokal/Curah,2024,Mei,18435,5/1/2024
Tepung Terigu Curah,2024,Mei,11090,5/1/2024
Tepung Terigu Kemasan,2024,Mei,14383,5/1/2024
Minyak Goreng Kemasan,2024,Mei,19098,5/1/2024
Minyak Goreng Curah,2024,Mei,15902,5/1/2024
Jagung Tk. Peternak,2024,Mei,6172,5/1/2024
Ikan Kembung,2024,Mei,40279,5/1/2024
Ikan Tongkol,2024,Mei,35288,5/1/2024
Ikan Bandeng,2024,Mei,38259,5/1/2024
Garam konsumsi,2024,Mei,12287,5/1/2024
Beras SPHP,2024,Juni,13188,6/1/2024
Beras Premium,2024,Juni,15521,6/1/2024
Beras Medium,2024,Juni,13480,6/1/2024
Kedelai Biji Kering,2024,Juni,12142,6/1/2024
Bawang Merah,2024,Juni,43426,6/1/2024
Bawang Putih (Bonggol),2024,Juni,42582,6/1/2024
Cabai Merah Keriting,2024,Juni,54357,6/1/2024
Cabai Rawit Merah,2024,Juni,51599,6/1/2024
Daging Sapi Murni,2024,Juni,136598,6/1/2024
Daging Ayam Ras,2024,Juni,37493,6/1/2024
Telur Ayam Ras,2024,Juni,30158,6/1/2024
Gula Pasir Lokal/Curah,2024,Juni,18261,6/1/2024
Tepung Terigu Curah,2024,Juni,10829,6/1/2024
Tepung Terigu Kemasan,2024,Juni,14291,6/1/2024
Minyak Goreng Kemasan,2024,Juni,19078,6/1/2024
Minyak Goreng Curah,2024,Juni,15905,6/1/2024
Jagung Tk. Peternak,2024,Juni,5799,6/1/2024
Ikan Kembung,2024,Juni,40583,6/1/2024
Ikan Tongkol,2024,Juni,35616,6/1/2024
Ikan Bandeng,2024,Juni,38090,6/1/2024
Garam konsumsi,2024,Juni,12350,6/1/2024
Beras SPHP,2024,Juli,12819,7/1/2024
Beras Premium,2024,Juli,15582,7/1/2024
Beras Medium,2024,Juli,13598,7/1/2024
Kedelai Biji Kering,2024,Juli,12115,7/1/2024
Bawang Merah,2024,Juli,33616,7/1/2024
Bawang Putih (Bonggol),2024,Juli,40851,7/1/2024
Cabai Merah Keriting,2024,Juli,47255,7/1/2024
Cabai Rawit Merah,2024,Juli,60762,7/1/2024
Daging Sapi Murni,2024,Juli,136056,7/1/2024
Daging Ayam Ras,2024,Juli,36316,7/1/2024
Telur Ayam Ras,2024,Juli,29655,7/1/2024
Gula Pasir Lokal/Curah,2024,Juli,18083,7/1/2024
Tepung Terigu Curah,2024,Juli,10712,7/1/2024
Tepung Terigu Kemasan,2024,Juli,14297,7/1/2024
Minyak Goreng Kemasan,2024,Juli,19190,7/1/2024
Minyak Goreng Curah,2024,Juli,16041,7/1/2024
Jagung Tk. Peternak,2024,Juli,5898,7/1/2024
Ikan Kembung,2024,Juli,40133,7/1/2024
Ikan Tongkol,2024,Juli,35204,7/1/2024
Ikan Bandeng,2024,Juli,37543,7/1/2024
Garam konsumsi,2024,Juli,12377,7/1/2024
Beras SPHP,2024,Agustus,12602,8/1/2024
Beras Premium,2024,Agustus,15606,8/1/2024
Beras Medium,2024,Agustus,13643,8/1/2024
Kedelai Biji Kering,2024,Agustus,12060,8/1/2024
Bawang Merah,2024,Agustus,27097,8/1/2024
Bawang Putih (Bonggol),2024,Agustus,40258,8/1/2024
Cabai Merah Keriting,2024,Agustus,46252,8/1/2024
Cabai Rawit Merah,2024,Agustus,63725,8/1/2024
Daging Sapi Murni,2024,Agustus,136007,8/1/2024
Daging Ayam Ras,2024,Agustus,35809,8/1/2024
Telur Ayam Ras,2024,Agustus,29069,8/1/2024
Gula Pasir Lokal/Curah,2024,Agustus,18003,8/1/2024
Tepung Terigu Curah,2024,Agustus,10337,8/1/2024
Tepung Terigu Kemasan,2024,Agustus,13469,8/1/2024
Minyak Goreng Kemasan,2024,Agustus,18195,8/1/2024
Minyak Goreng Curah,2024,Agustus,16151,8/1/2024
Jagung Tk. Peternak,2024,Agustus,6099,8/1/2024
Ikan Kembung,2024,Agustus,38471,8/1/2024
Ikan Tongkol,2024,Agustus,32804,8/1/2024
Ikan Bandeng,2024,Agustus,34442,8/1/2024
Garam konsumsi,2024,Agustus,11981,8/1/2024
Beras SPHP,2024,September,12589,9/1/2024
Beras Premium,2024,September,15582,9/1/2024
Beras Medium,2024,September,13627,9/1/2024
Kedelai Biji Kering,2024,September,11323,9/1/2024
Bawang Merah,2024,September,27458,9/1/2024
Bawang Putih (Bonggol),2024,September,39960,9/1/2024
Cabai Merah Keriting,2024,September,38206,9/1/2024
Cabai Rawit Merah,2024,September,48753,9/1/2024
Daging Sapi Murni,2024,September,135632,9/1/2024
Daging Ayam Ras,2024,September,35319,9/1/2024
Telur Ayam Ras,2024,September,28662,9/1/2024
Gula Pasir Lokal/Curah,2024,September,17862,9/1/2024
Tepung Terigu Curah,2024,September,10285,9/1/2024
Tepung Terigu Kemasan,2024,September,13244,9/1/2024
Minyak Goreng Kemasan,2024,September,18223,9/1/2024
Minyak Goreng Curah,2024,September,16320,9/1/2024
Jagung Tk. Peternak,2024,September,6228,9/1/2024
Ikan Kembung,2024,September,38532,9/1/2024
Ikan Tongkol,2024,September,32863,9/1/2024
Ikan Bandeng,2024,September,34436,9/1/2024
Garam konsumsi,2024,September,11944,9/1/2024
Beras SPHP,2024,Oktober,12573,10/1/2024
Beras Premium,2024,Oktober,15545,10/1/2024
Beras Medium,2024,Oktober,13606,10/1/2024
Kedelai Biji Kering,2024,Oktober,10786,10/1/2024
Bawang Merah,2024,Oktober,29985,10/1/2024
Bawang Putih (Bonggol),2024,Oktober,40203,10/1/2024
Cabai Merah Keriting,2024,Oktober,33637,10/1/2024
Cabai Rawit Merah,2024,Oktober,47263,10/1/2024
Daging Sapi Murni,2024,Oktober,135503,10/1/2024
Daging Ayam Ras,2024,Oktober,36127,10/1/2024
Telur Ayam Ras,2024,Oktober,28847,10/1/2024
Gula Pasir Lokal/Curah,2024,Oktober,17978,10/1/2024
Tepung Terigu Curah,2024,Oktober,10239,10/1/2024
Tepung Terigu Kemasan,2024,Oktober,13189,10/1/2024
Minyak Goreng Kemasan,2024,Oktober,18336,10/1/2024
Minyak Goreng Curah,2024,Oktober,16579,10/1/2024
Jagung Tk. Peternak,2024,Oktober,6271,10/1/2024
Ikan Kembung,2024,Oktober,38388,10/1/2024
Ikan Tongkol,2024,Oktober,32594,10/1/2024
Ikan Bandeng,2024,Oktober,34419,10/1/2024
Garam konsumsi,2024,Oktober,11814,10/1/2024
Beras SPHP,2024,November,12552,11/1/2024
Beras Premium,2024,November,15491,11/1/2024
Beras Medium,2024,November,13534,11/1/2024
Kedelai Biji Kering,2024,November,10622,11/1/2024
Bawang Merah,2024,November,37628,11/1/2024
Bawang Putih (Bonggol),2024,November,41214,11/1/2024
Cabai Merah Keriting,2024,November,31690,11/1/2024
Cabai Rawit Merah,2024,November,42951,11/1/2024
Daging Sapi Murni,2024,November,135508,11/1/2024
Daging Ayam Ras,2024,November,36778,11/1/2024
Telur Ayam Ras,2024,November,28716,11/1/2024
Gula Pasir Lokal/Curah,2024,November,17993,11/1/2024
Tepung Terigu Curah,2024,November,10216,11/1/2024
Tepung Terigu Kemasan,2024,November,13192,11/1/2024
Minyak Goreng Kemasan,2024,November,18485,11/1/2024
Minyak Goreng Curah,2024,November,17033,11/1/2024
Jagung Tk. Peternak,2024,November,6270,11/1/2024
Ikan Kembung,2024,November,38235,11/1/2024
Ikan Tongkol,2024,November,32244,11/1/2024
Ikan Bandeng,2024,November,34300,11/1/2024
Garam konsumsi,2024,November,11822,11/1/2024
Beras SPHP,2024,Desember,12513,12/1/2024
Beras Premium,2024,Desember,15474,12/1/2024
Beras Medium,2024,Desember,13518,12/1/2024
Kedelai Biji Kering,2024,Desember,10493,12/1/2024
Bawang Merah,2024,Desember,40850,12/1/2024
Bawang Putih (Bonggol),2024,Desember,42574,12/1/2024
Cabai Merah Keriting,2024,Desember,38610,12/1/2024
Cabai Rawit Merah,2024,Desember,47066,12/1/2024
Daging Sapi Murni,2024,Desember,135781,12/1/2024
Daging Ayam Ras,2024,Desember,37469,12/1/2024
Telur Ayam Ras,2024,Desember,29950,12/1/2024
Gula Pasir Lokal/Curah,2024,Desember,18021,12/1/2024
Tepung Terigu Curah,2024,Desember,10204,12/1/2024
Tepung Terigu Kemasan,2024,Desember,13167,12/1/2024
Minyak Goreng Kemasan,2024,Desember,18783,12/1/2024
Minyak Goreng Curah,2024,Desember,17511,12/1/2024
Jagung Tk. Peternak,2024,Desember,6314,12/1/2024
Ikan Kembung,2024,Desember,39111,12/1/2024
Ikan Tongkol,2024,Desember,32997,12/1/2024
Ikan Bandeng,2024,Desember,34788,12/1/2024
Garam konsumsi,2024,Desember,11819,12/1/2024
Beras SPHP,2025,Januari,12492,1/1/2025
Beras Premium,2025,Januari,15442,1/1/2025
Beras Medium,2025,Januari,13546,1/1/2025
Kedelai Biji Kering,2025,Januari,10361,1/1/2025
Bawang Merah,2025,Januari,39040,1/1/2025
Bawang Putih (Bonggol),2025,Januari,42525,1/1/2025
Cabai Merah Keriting,2025,Januari,56445,1/1/2025
Cabai Rawit Merah,2025,Januari,74250,1/1/2025
Daging Sapi Murni,2025,Januari,135258,1/1/2025
Daging Ayam Ras,2025,Januari,37495,1/1/2025
Telur Ayam Ras,2025,Januari,29859,1/1/2025
Gula Pasir Lokal/Curah,2025,Januari,18098,1/1/2025
Tepung Terigu Curah,2025,Januari,9794,1/1/2025
Tepung Terigu Kemasan,2025,Januari,12854,1/1/2025
Minyak Goreng Kemasan,2025,Januari,19963,1/1/2025
Minyak Goreng Curah,2025,Januari,17778,1/1/2025
Jagung Tk. Peternak,2025,Januari,6356,1/1/2025
Ikan Kembung,2025,Januari,39561,1/1/2025
Ikan Tongkol,2025,Januari,32537,1/1/2025
Ikan Bandeng,2025,Januari,33523,1/1/2025
Garam konsumsi,2025,Januari,11717,1/1/2025
Beras SPHP,2025,Februari,12518,2/1/2025
Beras Premium,2025,Februari,15500,2/1/2025
Beras Medium,2025,Februari,13613,2/1/2025
Kedelai Biji Kering,2025,Februari,10511,2/1/2025
Bawang Merah,2025,Februari,35844,2/1/2025
Bawang Putih (Bonggol),2025,Februari,42696,2/1/2025
Cabai Merah Keriting,2025,Februari,52937,2/1/2025
Cabai Rawit Merah,2025,Februari,68786,2/1/2025
Daging Sapi Murni,2025,Februari,134708,2/1/2025
Daging Ayam Ras,2025,Februari,35981,2/1/2025
Telur Ayam Ras,2025,Februari,29440,2/1/2025
Gula Pasir Lokal/Curah,2025,Februari,18331,2/1/2025
Tepung Terigu Curah,2025,Februari,9789,2/1/2025
Tepung Terigu Kemasan,2025,Februari,12900,2/1/2025
Minyak Goreng Kemasan,2025,Februari,20426,2/1/2025
Minyak Goreng Curah,2025,Februari,17849,2/1/2025
Jagung Tk. Peternak,2025,Februari,6357,2/1/2025
Ikan Kembung,2025,Februari,39978,2/1/2025
Ikan Tongkol,2025,Februari,33088,2/1/2025
Ikan Bandeng,2025,Februari,33656,2/1/2025
Garam konsumsi,2025,Februari,11682,2/1/2025
Cabai Merah Besar,2025,Februari,53268,2/1/2025
Minyak Kita,2025,Februari,17644,2/1/2025
Daging Kerbau Beku (Impor),2025,Februari,106836,2/1/2025
Daging Kerbau Segar (Lokal),2025,Februari,144686,2/1/2025
Beras SPHP,2025,Maret,12652,3/1/2025
Beras Premium,2025,Maret,15545,3/1/2025
Beras Medium,2025,Maret,13696,3/1/2025
Kedelai Biji Kering,2025,Maret,10610,3/1/2025
Bawang Merah,2025,Maret,41458,3/1/2025
Bawang Putih (Bonggol),2025,Maret,43839,3/1/2025
Cabai Merah Keriting,2025,Maret,52791,3/1/2025
Cabai Rawit Merah,2025,Maret,85030,3/1/2025
Daging Sapi Murni,2025,Maret,136146,3/1/2025
Daging Ayam Ras,2025,Maret,36400,3/1/2025
Telur Ayam Ras,2025,Maret,29665,3/1/2025
Gula Pasir Lokal/Curah,2025,Maret,18513,3/1/2025
Tepung Terigu Curah,2025,Maret,9807,3/1/2025
Tepung Terigu Kemasan,2025,Maret,12938,3/1/2025
Minyak Goreng Kemasan,2025,Maret,20621,3/1/2025
Minyak Goreng Curah,2025,Maret,17942,3/1/2025
Jagung Tk. Peternak,2025,Maret,6193,3/1/2025
Ikan Kembung,2025,Maret,40827,3/1/2025
Ikan Tongkol,2025,Maret,33789,3/1/2025
Ikan Bandeng,2025,Maret,34097,3/1/2025
Garam konsumsi,2025,Maret,11669,3/1/2025
Cabai Merah Besar,2025,Maret,54278,3/1/2025
Minyak Kita,2025,Maret,17647,3/1/2025
Daging Kerbau Beku (Impor),2025,Maret,106303,3/1/2025
Daging Kerbau Segar (Lokal),2025,Maret,142245,3/1/2025
Beras SPHP,2025,April,12612,4/1/2025
Beras Premium,2025,April,15563,4/1/2025
Beras Medium,2025,April,13715,4/1/2025
Kedelai Biji Kering,2025,April,10715,4/1/2025
Bawang Merah,2025,April,44516,4/1/2025
Bawang Putih (Bonggol),2025,April,44750,4/1/2025
Cabai Merah Keriting,2025,April,58560,4/1/2025
Cabai Rawit Merah,2025,April,77710,4/1/2025
Daging Sapi Murni,2025,April,136153,4/1/2025
Daging Ayam Ras,2025,April,35420,4/1/2025
Telur Ayam Ras,2025,April,29149,4/1/2025
Gula Pasir Lokal/Curah,2025,April,18547,4/1/2025
Tepung Terigu Curah,2025,April,9814,4/1/2025
Tepung Terigu Kemasan,2025,April,12949,4/1/2025
Minyak Goreng Kemasan,2025,April,20694,4/1/2025
Minyak Goreng Curah,2025,April,17929,4/1/2025
Jagung Tk. Peternak,2025,April,6174,4/1/2025
Ikan Kembung,2025,April,41368,4/1/2025
Ikan Tongkol,2025,April,34527,4/1/2025
Ikan Bandeng,2025,April,34577,4/1/2025
Garam konsumsi,2025,April,11669,4/1/2025
Cabai Merah Besar,2025,April,52621,4/1/2025
Minyak Kita,2025,April,17631,4/1/2025
Daging Kerbau Beku (Impor),2025,April,107514,4/1/2025
Daging Kerbau Segar (Lokal),2025,April,141664,4/1/2025
Beras SPHP,2025,Mei,12642,5/1/2025
Beras Premium,2025,Mei,15595,5/1/2025
Beras Medium,2025,Mei,13762,5/1/2025
Kedelai Biji Kering,2025,Mei,10821,5/1/2025
Bawang Merah,2025,Mei,39639,5/1/2025
Bawang Putih (Bonggol),2025,Mei,42519,5/1/2025
Cabai Merah Keriting,2025,Mei,49512,5/1/2025
Cabai Rawit Merah,2025,Mei,52738,5/1/2025
Daging Sapi Murni,2025,Mei,135461,5/1/2025
Daging Ayam Ras,2025,Mei,34814,5/1/2025
Telur Ayam Ras,2025,Mei,29108,5/1/2025
Gula Pasir Lokal/Curah,2025,Mei,18547,5/1/2025
Tepung Terigu Curah,2025,Mei,9811,5/1/2025
Tepung Terigu Kemasan,2025,Mei,12974,5/1/2025
Minyak Goreng Kemasan,2025,Mei,20798,5/1/2025
Minyak Goreng Curah,2025,Mei,17823,5/1/2025
Jagung Tk. Peternak,2025,Mei,6207,5/1/2025
Ikan Kembung,2025,Mei,40823,5/1/2025
Ikan Tongkol,2025,Mei,33869,5/1/2025
Ikan Bandeng,2025,Mei,34216,5/1/2025
Garam konsumsi,2025,Mei,11626,5/1/2025
Cabai Merah Besar,2025,Mei,45031,5/1/2025
Minyak Kita,2025,Mei,17608,5/1/2025
Daging Kerbau Beku (Impor),2025,Mei,107279,5/1/2025
Daging Kerbau Segar (Lokal),2025,Mei,140677,5/1/2025
Beras SPHP,2025,Juni,12585,6/1/2025
Beras Premium,2025,Juni,15747,6/1/2025
Beras Medium,2025,Juni,13996,6/1/2025
Kedelai Biji Kering,2025,Juni,10851,6/1/2025
Bawang Merah,2025,Juni,42262,6/1/2025
Bawang Putih (Bonggol),2025,Juni,39909,6/1/2025
Cabai Merah Keriting,2025,Juni,44444,6/1/2025
Cabai Rawit Merah,2025,Juni,54705,6/1/2025
Daging Sapi Murni,2025,Juni,135375,6/1/2025
Daging Ayam Ras,2025,Juni,35034,6/1/2025
Telur Ayam Ras,2025,Juni,29239,6/1/2025
Gula Pasir Lokal/Curah,2025,Juni,18469,6/1/2025
Tepung Terigu Curah,2025,Juni,9798,6/1/2025
Tepung Terigu Kemasan,2025,Juni,12992,6/1/2025
Minyak Goreng Kemasan,2025,Juni,20834,6/1/2025
Minyak Goreng Curah,2025,Juni,17646,6/1/2025
Jagung Tk. Peternak,2025,Juni,6183,6/1/2025
Ikan Kembung,2025,Juni,40916,6/1/2025
Ikan Tongkol,2025,Juni,33965,6/1/2025
Ikan Bandeng,2025,Juni,34439,6/1/2025
Garam konsumsi,2025,Juni,11643,6/1/2025
Cabai Merah Besar,2025,Juni,45075,6/1/2025
Minyak Kita,2025,Juni,17574,6/1/2025
Daging Kerbau Beku (Impor),2025,Juni,105222,6/1/2025
Daging Kerbau Segar (Lokal),2025,Juni,140961,6/1/2025
Beras SPHP,2025,Juli,12567,7/1/2025
Beras Premium,2025,Juli,16045,7/1/2025
Beras Medium,2025,Juli,14301,7/1/2025
Kedelai Biji Kering,2025,Juli,10851,7/1/2025
Bawang Merah,2025,Juli,46281,7/1/2025
Bawang Putih (Bonggol),2025,Juli,39075,7/1/2025
Cabai Merah Keriting,2025,Juli,44707,7/1/2025
Cabai Rawit Merah,2025,Juli,64351,7/1/2025
Daging Sapi Murni,2025,Juli,135098,7/1/2025
Daging Ayam Ras,2025,Juli,35391,7/1/2025
Telur Ayam Ras,2025,Juli,29469,7/1/2025
Gula Pasir Lokal/Curah,2025,Juli,18350,7/1/2025
Tepung Terigu Curah,2025,Juli,9779,7/1/2025
Tepung Terigu Kemasan,2025,Juli,12976,7/1/2025
Minyak Goreng Kemasan,2025,Juli,20844,7/1/2025
Minyak Goreng Curah,2025,Juli,17520,7/1/2025
Jagung Tk. Peternak,2025,Juli,6221,7/1/2025
Ikan Kembung,2025,Juli,41255,7/1/2025
Ikan Tongkol,2025,Juli,34183,7/1/2025
Ikan Bandeng,2025,Juli,34663,7/1/2025
Garam konsumsi,2025,Juli,11649,7/1/2025
Cabai Merah Besar,2025,Juli,43640,7/1/2025
Minyak Kita,2025,Juli,17547,7/1/2025
Daging Kerbau Beku (Impor),2025,Juli,105220,7/1/2025
Daging Kerbau Segar (Lokal),2025,Juli,141374,7/1/2025
Beras SPHP,2025,Agustus,12620,8/1/2025
Beras Premium,2025,Agustus,16194,8/1/2025
Beras Medium,2025,Agustus,14354,8/1/2025
Kedelai Biji Kering,2025,Agustus,10789,8/1/2025
Bawang Merah,2025,Agustus,51250,8/1/2025
Bawang Putih (Bonggol),2025,Agustus,38386,8/1/2025
Cabai Merah Keriting,2025,Agustus,42521,8/1/2025
Cabai Rawit Merah,2025,Agustus,49028,8/1/2025
Daging Sapi Murni,2025,Agustus,135082,8/1/2025
Daging Ayam Ras,2025,Agustus,35404,8/1/2025
Telur Ayam Ras,2025,Agustus,29564,8/1/2025
Gula Pasir Lokal/Curah,2025,Agustus,18254,8/1/2025
Tepung Terigu Curah,2025,Agustus,9792,8/1/2025
Tepung Terigu Kemasan,2025,Agustus,13036,8/1/2025
Minyak Goreng Kemasan,2025,Agustus,20881,8/1/2025
Minyak Goreng Curah,2025,Agustus,17525,8/1/2025
Jagung Tk. Peternak,2025,Agustus,6457,8/1/2025
Ikan Kembung,2025,Agustus,41603,8/1/2025
Ikan Tongkol,2025,Agustus,34562,8/1/2025
Ikan Bandeng,2025,Agustus,34642,8/1/2025
Garam konsumsi,2025,Agustus,11663,8/1/2025
Cabai Merah Besar,2025,Agustus,42821,8/1/2025
Minyak Kita,2025,Agustus,17528,8/1/2025
Daging Kerbau Beku (Impor),2025,Agustus,105632,8/1/2025
Daging Kerbau Segar (Lokal),2025,Agustus,141410,8/1/2025
Beras SPHP,2025,September,12558,9/1/2025
Beras Premium,2025,September,16080,9/1/2025
Beras Medium,2025,September,13945,9/1/2025
Kedelai Biji Kering,2025,September,10730,9/1/2025
Bawang Merah,2025,September,41919,9/1/2025
Bawang Putih (Bonggol),2025,September,37607,9/1/2025
Cabai Merah Keriting,2025,September,54876,9/1/2025
Cabai Rawit Merah,2025,September,47269,9/1/2025
Daging Sapi Murni,2025,September,135132,9/1/2025
Daging Ayam Ras,2025,September,37569,9/1/2025
Telur Ayam Ras,2025,September,29778,9/1/2025
Gula Pasir Lokal/Curah,2025,September,18151,9/1/2025
Tepung Terigu Curah,2025,September,9793,9/1/2025
Tepung Terigu Kemasan,2025,September,13023,9/1/2025
Minyak Goreng Kemasan,2025,September,20922,9/1/2025
Minyak Goreng Curah,2025,September,17542,9/1/2025
Jagung Tk. Peternak,2025,September,6656,9/1/2025
Ikan Kembung,2025,September,41785,9/1/2025
Ikan Tongkol,2025,September,34751,9/1/2025
Ikan Bandeng,2025,September,35107,9/1/2025
Garam konsumsi,2025,September,11640,9/1/2025
Cabai Merah Besar,2025,September,47270,9/1/2025
Minyak Kita,2025,September,17499,9/1/2025
Daging Kerbau Beku (Impor),2025,September,105687,9/1/2025
Daging Kerbau Segar (Lokal),2025,September,141361,9/1/2025
Beras SPHP,2025,Oktober,12526,10/1/2025
Beras Premium,2025,Oktober,15926,10/1/2025
Beras Medium,2025,Oktober,13823,10/1/2025
Kedelai Biji Kering,2025,Oktober,10696,10/1/2025
Bawang Merah,2025,Oktober,38892,10/1/2025
Bawang Putih (Bonggol),2025,Oktober,37132,10/1/2025
Cabai Merah Keriting,2025,Oktober,56260,10/1/2025
Cabai Rawit Merah,2025,Oktober,43173,10/1/2025
Daging Sapi Murni,2025,Oktober,135134,10/1/2025
Daging Ayam Ras,2025,Oktober,38037,10/1/2025
Telur Ayam Ras,2025,Oktober,30437,10/1/2025
Gula Pasir Lokal/Curah,2025,Oktober,18051,10/1/2025
Tepung Terigu Curah,2025,Oktober,9790,10/1/2025
Tepung Terigu Kemasan,2025,Oktober,13025,10/1/2025
Minyak Goreng Kemasan,2025,Oktober,20956,10/1/2025
Minyak Goreng Curah,2025,Oktober,17510,10/1/2025
Jagung Tk. Peternak,2025,Oktober,6699,10/1/2025
Ikan Kembung,2025,Oktober,41852,10/1/2025
Ikan Tongkol,2025,Oktober,34736,10/1/2025
Ikan Bandeng,2025,Oktober,35173,10/1/2025
Garam konsumsi,2025,Oktober,11624,10/1/2025
Cabai Merah Besar,2025,Oktober,49224,10/1/2025
Minyak Kita,2025,Oktober,17494,10/1/2025
Daging Kerbau Beku (Impor),2025,Oktober,105899,10/1/2025
Daging Kerbau Segar (Lokal),2025,Oktober,140865,10/1/2025
Beras SPHP,2025,November,12471,11/1/2025
Beras Premium,2025,November,15572,11/1/2025
Beras Medium,2025,November,13564,11/1/2025
Kedelai Biji Kering,2025,November,10705,11/1/2025
Bawang Merah,2025,November,39873,11/1/2025
Bawang Putih (Bonggol),2025,November,36829,11/1/2025
Cabai Merah Keriting,2025,November,53794,11/1/2025
Cabai Rawit Merah,2025,November,41694,11/1/2025
Daging Sapi Murni,2025,November,135170,11/1/2025
Daging Ayam Ras,2025,November,37628,11/1/2025
Telur Ayam Ras,2025,November,30525,11/1/2025
Gula Pasir Lokal/Curah,2025,November,17993,11/1/2025
Tepung Terigu Curah,2025,November,9744,11/1/2025
Tepung Terigu Kemasan,2025,November,12973,11/1/2025
Minyak Goreng Kemasan,2025,November,20939,11/1/2025
Minyak Goreng Curah,2025,November,17502,11/1/2025
Jagung Tk. Peternak,2025,November,6835,11/1/2025
Ikan Kembung,2025,November,42650,11/1/2025
Ikan Tongkol,2025,November,35051,11/1/2025
Ikan Bandeng,2025,November,35424,11/1/2025
Garam konsumsi,2025,November,11551,11/1/2025
Cabai Merah Besar,2025,November,52571,11/1/2025
Minyak Kita,2025,November,17475,11/1/2025
Daging Kerbau Beku (Impor),2025,November,105914,11/1/2025
Daging Kerbau Segar (Lokal),2025,November,140891,11/1/2025
Beras SPHP,2025,Desember,12453,12/1/2025
Beras Premium,2025,Desember,15549,12/1/2025
Beras Medium,2025,Desember,13540,12/1/2025
Kedelai Biji Kering,2025,Desember,10776,12/1/2025
Bawang Merah,2025,Desember,47236,12/1/2025
Bawang Putih (Bonggol),2025,Desember,37823,12/1/2025
Cabai Merah Keriting,2025,Desember,57503,12/1/2025
Cabai Rawit Merah,2025,Desember,67666,12/1/2025
Daging Sapi Murni,2025,Desember,135300,12/1/2025
Daging Ayam Ras,2025,Desember,39810,12/1/2025
Telur Ayam Ras,2025,Desember,31390,12/1/2025
Gula Pasir Lokal/Curah,2025,Desember,18044,12/1/2025
Tepung Terigu Curah,2025,Desember,9722,12/1/2025
Tepung Terigu Kemasan,2025,Desember,12924,12/1/2025
Minyak Goreng Kemasan,2025,Desember,20957,12/1/2025
Minyak Goreng Curah,2025,Desember,17640,12/1/2025
Jagung Tk. Peternak,2025,Desember,6937,12/1/2025
Ikan Kembung,2025,Desember,43216,12/1/2025
Ikan Tongkol,2025,Desember,35536,12/1/2025
Ikan Bandeng,2025,Desember,35780,12/1/2025
Garam konsumsi,2025,Desember,11503,12/1/2025
Cabai Merah Besar,2025,Desember,52147,12/1/2025
Minyak Kita,2025,Desember,17571,12/1/2025
Daging Kerbau Beku (Impor),2025,Desember,106764,12/1/2025
Daging Kerbau Segar (Lokal),2025,Desember,140557,12/1/2025
Beras Premium,2026,Januari,15575,1/1/2026
Beras Medium,2026,Januari,13517,1/1/2026
Beras SPHP,2026,Januari,12462,1/1/2026
Beras Medium Non SPHP,2026,Januari,13873,1/1/2026
Beras Khusus (Lokal),2026,Januari,15695,1/1/2026
Jagung Tk. Peternak,2026,Januari,6974,1/1/2026
Kedelai Biji Kering,2026,Januari,10877,1/1/2026
Bawang Merah,2026,Januari,42672,1/1/2026
Bawang Putih (Bonggol),2026,Januari,38645,1/1/2026
Cabai Merah Keriting,2026,Januari,39650,1/1/2026
Cabai Merah Besar,2026,Januari,38269,1/1/2026
Daging Sapi Murni,2026,Januari,136011,1/1/2026
Cabai Rawit Merah,2026,Januari,53999,1/1/2026
Daging Ayam Ras,2026,Januari,39277,1/1/2026
Telur Ayam Ras,2026,Januari,30931,1/1/2026
Gula Pasir Lokal/Curah,2026,Januari,18117,1/1/2026
Minyak Goreng Kemasan,2026,Januari,20992,1/1/2026
Minyak Goreng Curah,2026,Januari,17662,1/1/2026
Minyak Kita,2026,Januari,17655,1/1/2026
Tepung Terigu Curah,2026,Januari,9698,1/1/2026
Tepung Terigu Kemasan,2026,Januari,12917,1/1/2026
Ikan Kembung,2026,Januari,44319,1/1/2026
Ikan Tongkol,2026,Januari,36583,1/1/2026
Ikan Bandeng,2026,Januari,36423,1/1/2026
Garam konsumsi,2026,Januari,11499,1/1/2026
Daging Kerbau Beku (Impor),2026,Januari,109307,1/1/2026
Daging Kerbau Segar (Lokal),2026,Januari,140600,1/1/2026
Beras Premium,2026,Februari,15627,2/1/2026
Beras Medium,2026,Februari,13386,2/1/2026
Beras SPHP,2026,Februari,12452,2/1/2026
Beras Medium Non SPHP,2026,Februari,13943,2/1/2026
Beras Khusus (Lokal),2026,Februari,15750,2/1/2026
Jagung Tk. Peternak,2026,Februari,6909,2/1/2026
Kedelai Biji Kering,2026,Februari,10924,2/1/2026
Bawang Merah,2026,Februari,41544,2/1/2026
Bawang Putih (Bonggol),2026,Februari,38917,2/1/2026
Cabai Merah Keriting,2026,Februari,43295,2/1/2026
Cabai Merah Besar,2026,Februari,40976,2/1/2026
Daging Sapi Murni,2026,Februari,137777,2/1/2026
Cabai Rawit Merah,2026,Februari,71515,2/1/2026
Daging Ayam Ras,2026,Februari,40582,2/1/2026
Telur Ayam Ras,2026,Februari,30963,2/1/2026
Gula Pasir Lokal/Curah,2026,Februari,18230,2/1/2026
Minyak Goreng Kemasan,2026,Februari,21163,2/1/2026
Minyak Goreng Curah,2026,Februari,17734,2/1/2026
Tepung Terigu Curah,2026,Februari,9707,2/1/2026
Minyak Kita,2026,Februari,17223,2/1/2026
Tepung Terigu Kemasan,2026,Februari,12944,2/1/2026
Ikan Kembung,2026,Februari,45455,2/1/2026
Ikan Tongkol,2026,Februari,37490,2/1/2026
Ikan Bandeng,2026,Februari,37134,2/1/2026
Garam konsumsi,2026,Februari,11508,2/1/2026
Daging Kerbau Beku (Impor),2026,Februari,112069,2/1/2026
Daging Kerbau Segar (Lokal),2026,Februari,143199,2/1/2026
Beras Premium,2026,Maret,15640,3/1/2026
Beras Medium,2026,Maret,13378,3/1/2026
Beras SPHP,2026,Maret,12441,3/1/2026
Beras Medium Non SPHP,2026,Maret,13972,3/1/2026
Beras Khusus (Lokal),2026,Maret,15776,3/1/2026
Jagung Tk. Peternak,2026,Maret,6823,3/1/2026
Kedelai Biji Kering,2026,Maret,10998,3/1/2026
Bawang Merah,2026,Maret,41597,3/1/2026
Bawang Putih (Bonggol),2026,Maret,38567,3/1/2026
Cabai Merah Keriting,2026,Maret,44541,3/1/2026
Cabai Merah Besar,2026,Maret,45372,3/1/2026
Daging Sapi Murni,2026,Maret,141350,3/1/2026
Cabai Rawit Merah,2026,Maret,77164,3/1/2026
Daging Ayam Ras,2026,Maret,41312,3/1/2026
Telur Ayam Ras,2026,Maret,31823,3/1/2026
Gula Pasir Lokal/Curah,2026,Maret,18412,3/1/2026
Minyak Goreng Kemasan,2026,Maret,21324,3/1/2026
Minyak Goreng Curah,2026,Maret,18019,3/1/2026
Tepung Terigu Curah,2026,Maret,9715,3/1/2026
Minyak Kita,2026,Maret,16812,3/1/2026
Tepung Terigu Kemasan,2026,Maret,12961,3/1/2026
Ikan Kembung,2026,Maret,46233,3/1/2026
Ikan Tongkol,2026,Maret,38462,3/1/2026
Ikan Bandeng,2026,Maret,38023,3/1/2026
Garam konsumsi,2026,Maret,11494,3/1/2026
Daging Kerbau Beku (Impor),2026,Maret,115594,3/1/2026
Daging Kerbau Segar (Lokal),2026,Maret,144518,3/1/2026
Beras Premium,2026,April,15697,4/1/2026
Beras Medium,2026,April,13415,4/1/2026
Beras SPHP,2026,April,12444,4/1/2026
Beras Medium Non SPHP,2026,April,14041,4/1/2026
Beras Khusus (Lokal),2026,April,15951,4/1/2026
Jagung Tk. Peternak,2026,April,6774,4/1/2026
Kedelai Biji Kering,2026,April,11278,4/1/2026
Bawang Merah,2026,April,42745,4/1/2026
Bawang Putih (Bonggol),2026,April,37925,4/1/2026
Cabai Merah Keriting,2026,April,41854,4/1/2026
Cabai Merah Besar,2026,April,43546,4/1/2026
Daging Sapi Murni,2026,April,140815,4/1/2026
Cabai Rawit Merah,2026,April,67417,4/1/2026
Daging Ayam Ras,2026,April,39355,4/1/2026
Telur Ayam Ras,2026,April,31013,4/1/2026
Gula Pasir Lokal/Curah,2026,April,18723,4/1/2026
Minyak Goreng Kemasan,2026,April,21864,4/1/2026
Minyak Goreng Curah,2026,April,18664,4/1/2026
Tepung Terigu Curah,2026,April,9738,4/1/2026
Minyak Kita,2026,April,16889,4/1/2026
Tepung Terigu Kemasan,2026,April,12979,4/1/2026
Ikan Kembung,2026,April,45607,4/1/2026
Ikan Tongkol,2026,April,37993,4/1/2026
Ikan Bandeng,2026,April,37712,4/1/2026
Garam konsumsi,2026,April,11543,4/1/2026
Daging Kerbau Beku (Impor),2026,April,117260,4/1/2026
Daging Kerbau Segar (Lokal),2026,April,143208,4/1/2026
Beras Premium,2026,Mei,15803,5/1/2026
Beras Medium,2026,Mei,13456,5/1/2026
Beras SPHP,2026,Mei,12447,5/1/2026
Beras Medium Non SPHP,2026,Mei,14117,5/1/2026
Beras Khusus (Lokal),2026,Mei,16062,5/1/2026
Jagung Tk. Peternak,2026,Mei,6832,5/1/2026
Kedelai Biji Kering,2026,Mei,11448,5/1/2026
Bawang Merah,2026,Mei,44296,5/1/2026
Bawang Putih (Bonggol),2026,Mei,37303,5/1/2026
Cabai Merah Keriting,2026,Mei,49402,5/1/2026
Cabai Merah Besar,2026,Mei,52087,5/1/2026
Daging Sapi Murni,2026,Mei,141633,5/1/2026
Cabai Rawit Merah,2026,Mei,65638,5/1/2026
Daging Ayam Ras,2026,Mei,38006,5/1/2026
Telur Ayam Ras,2026,Mei,29705,5/1/2026
Gula Pasir Lokal/Curah,2026,Mei,18830,5/1/2026
Minyak Goreng Kemasan,2026,Mei,22521,5/1/2026
Minyak Goreng Curah,2026,Mei,19000,5/1/2026
Tepung Terigu Curah,2026,Mei,9778,5/1/2026
Minyak Kita,2026,Mei,17019,5/1/2026
Tepung Terigu Kemasan,2026,Mei,13018,5/1/2026
Ikan Kembung,2026,Mei,45553,5/1/2026
Ikan Tongkol,2026,Mei,37840,5/1/2026
Ikan Bandeng,2026,Mei,37449,5/1/2026
Garam konsumsi,2026,Mei,11553,5/1/2026
Daging Kerbau Beku (Impor),2026,Mei,117017,5/1/2026
Daging Kerbau Segar (Lokal),2026,Mei,145566,5/1/2026
