region,month,inflation,year,date
BANYUWANGI,Januari,4.73,2024,1/1/2024
BANYUWANGI,Februari,5.84,2024,2/1/2024
BANYUWANGI,Maret,5.73,2024,3/1/2024
BANYUWANGI,April,6.66,2024,4/1/2024
BANYUWANGI,Mei,5.95,2024,5/1/2024
BANYUWANGI,Juni,3.53,2024,6/1/2024
BANYUWANGI,Juli,3.03,2024,7/1/2024
BANYUWANGI,Agustus,1.77,2024,8/1/2024
BANYUWANGI,September,1.35,2024,9/1/2024
BANYUWANGI,Oktober,1.06,2024,10/1/2024
BANYUWANGI,November,-0.84,2024,11/1/2024
BANYUWANGI,Desember,0.46,2024,12/1/2024
BULUKUMBA,Januari,4.88,2024,1/1/2024
BULUKUMBA,Februari,4.76,2024,2/1/2024
BULUKUMBA,Maret,4.04,2024,3/1/2024
BULUKUMBA,April,3.69,2024,4/1/2024
BULUKUMBA,Mei,1.99,2024,5/1/2024
BULUKUMBA,Juni,2,2024,6/1/2024
BULUKUMBA,Juli,1.42,2024,7/1/2024
BULUKUMBA,Agustus,1.37,2024,8/1/2024
BULUKUMBA,September,0.69,2024,9/1/2024
BULUKUMBA,Oktober,0.71,2024,10/1/2024
BULUKUMBA,November,-0.25,2024,11/1/2024
BULUKUMBA,Desember,-0.78,2024,12/1/2024
CILACAP,Januari,5.13,2024,1/1/2024
CILACAP,Februari,6.4,2024,2/1/2024
CILACAP,Maret,8.58,2024,3/1/2024
CILACAP,April,7.24,2024,4/1/2024
CILACAP,Mei,6.27,2024,5/1/2024
CILACAP,Juni,4.19,2024,6/1/2024
CILACAP,Juli,3.9,2024,7/1/2024
CILACAP,Agustus,3.47,2024,8/1/2024
CILACAP,September,2.25,2024,9/1/2024
CILACAP,Oktober,2.69,2024,10/1/2024
CILACAP,November,1.12,2024,11/1/2024
CILACAP,Desember,2.26,2024,12/1/2024
INDONESIA,Januari,5.84,2024,1/1/2024
INDONESIA,Februari,6.73,2024,2/1/2024
INDONESIA,Maret,8.09,2024,3/1/2024
INDONESIA,April,7.65,2024,4/1/2024
INDONESIA,Mei,6.62,2024,5/1/2024
INDONESIA,Juni,5.11,2024,6/1/2024
INDONESIA,Juli,3.43,2024,7/1/2024
INDONESIA,Agustus,2.98,2024,8/1/2024
INDONESIA,September,1.87,2024,9/1/2024
INDONESIA,Oktober,1.51,2024,10/1/2024
INDONESIA,November,0.69,2024,11/1/2024
INDONESIA,Desember,1.01,2024,12/1/2024
JEMBER,Januari,4.31,2024,1/1/2024
JEMBER,Februari,5.45,2024,2/1/2024
JEMBER,Maret,6.79,2024,3/1/2024
JEMBER,April,6.89,2024,4/1/2024
JEMBER,Mei,5.56,2024,5/1/2024
JEMBER,Juni,3.79,2024,6/1/2024
JEMBER,Juli,3.4,2024,7/1/2024
JEMBER,Agustus,3.4,2024,8/1/2024
JEMBER,September,2.31,2024,9/1/2024
JEMBER,Oktober,2.14,2024,10/1/2024
JEMBER,November,1.19,2024,11/1/2024
JEMBER,Desember,2.29,2024,12/1/2024
KAB ACEH TAMIANG,Januari,2.23,2024,1/1/2024
KAB ACEH TAMIANG,Februari,1.76,2024,2/1/2024
KAB ACEH TAMIANG,Maret,5.73,2024,3/1/2024
KAB ACEH TAMIANG,April,4.63,2024,4/1/2024
KAB ACEH TAMIANG,Mei,6.01,2024,5/1/2024
KAB ACEH TAMIANG,Juni,5.5,2024,6/1/2024
KAB ACEH TAMIANG,Juli,0.6,2024,7/1/2024
KAB ACEH TAMIANG,Agustus,-0.28,2024,8/1/2024
KAB ACEH TAMIANG,September,-0.6,2024,9/1/2024
KAB ACEH TAMIANG,Oktober,-0.1,2024,10/1/2024
KAB ACEH TAMIANG,November,-2.72,2024,11/1/2024
KAB ACEH TAMIANG,Desember,1.35,2024,12/1/2024
KAB ACEH TENGAH,Januari,2.7,2024,1/1/2024
KAB ACEH TENGAH,Februari,6.43,2024,2/1/2024
KAB ACEH TENGAH,Maret,7.29,2024,3/1/2024
KAB ACEH TENGAH,April,8.4,2024,4/1/2024
KAB ACEH TENGAH,Mei,9.47,2024,5/1/2024
KAB ACEH TENGAH,Juni,9.12,2024,6/1/2024
KAB ACEH TENGAH,Juli,4.18,2024,7/1/2024
KAB ACEH TENGAH,Agustus,1.12,2024,8/1/2024
KAB ACEH TENGAH,September,-2.43,2024,9/1/2024
KAB ACEH TENGAH,Oktober,-1.08,2024,10/1/2024
KAB ACEH TENGAH,November,-0.95,2024,11/1/2024
KAB ACEH TENGAH,Desember,1.65,2024,12/1/2024
KAB BADUNG,Januari,6.88,2024,1/1/2024
KAB BADUNG,Februari,8.42,2024,2/1/2024
KAB BADUNG,Maret,11.52,2024,3/1/2024
KAB BADUNG,April,12.97,2024,4/1/2024
KAB BADUNG,Mei,11.72,2024,5/1/2024
KAB BADUNG,Juni,6.46,2024,6/1/2024
KAB BADUNG,Juli,4.39,2024,7/1/2024
KAB BADUNG,Agustus,3.19,2024,8/1/2024
KAB BADUNG,September,3.6,2024,9/1/2024
KAB BADUNG,Oktober,3.86,2024,10/1/2024
KAB BADUNG,November,5.9,2024,11/1/2024
KAB BADUNG,Desember,4.33,2024,12/1/2024
KAB BANDUNG,Januari,7.04,2024,1/1/2024
KAB BANDUNG,Februari,7.36,2024,2/1/2024
KAB BANDUNG,Maret,8.06,2024,3/1/2024
KAB BANDUNG,April,4.88,2024,4/1/2024
KAB BANDUNG,Mei,3.87,2024,5/1/2024
KAB BANDUNG,Juni,2.68,2024,6/1/2024
KAB BANDUNG,Juli,2.45,2024,7/1/2024
KAB BANDUNG,Agustus,2.05,2024,8/1/2024
KAB BANDUNG,September,1.9,2024,9/1/2024
KAB BANDUNG,Oktober,0.99,2024,10/1/2024
KAB BANDUNG,November,0.52,2024,11/1/2024
KAB BANDUNG,Desember,0.57,2024,12/1/2024
KAB BANGKA BARAT,Januari,1.45,2024,1/1/2024
KAB BANGKA BARAT,Februari,2.92,2024,2/1/2024
KAB BANGKA BARAT,Maret,4.22,2024,3/1/2024
KAB BANGKA BARAT,April,2.79,2024,4/1/2024
KAB BANGKA BARAT,Mei,-1.4,2024,5/1/2024
KAB BANGKA BARAT,Juni,-1.78,2024,6/1/2024
KAB BANGKA BARAT,Juli,-1.31,2024,7/1/2024
KAB BANGKA BARAT,Agustus,-2.51,2024,8/1/2024
KAB BANGKA BARAT,September,-1.75,2024,9/1/2024
KAB BANGKA BARAT,Oktober,-3.23,2024,10/1/2024
KAB BANGKA BARAT,November,-3.83,2024,11/1/2024
KAB BANGKA BARAT,Desember,-3.86,2024,12/1/2024
KAB BELITUNG TIMUR,Januari,-5,2024,1/1/2024
KAB BELITUNG TIMUR,Februari,-3.21,2024,2/1/2024
KAB BELITUNG TIMUR,Maret,-0.67,2024,3/1/2024
KAB BELITUNG TIMUR,April,0.34,2024,4/1/2024
KAB BELITUNG TIMUR,Mei,2.37,2024,5/1/2024
KAB BELITUNG TIMUR,Juni,1.89,2024,6/1/2024
KAB BELITUNG TIMUR,Juli,0.2,2024,7/1/2024
KAB BELITUNG TIMUR,Agustus,0.87,2024,8/1/2024
KAB BELITUNG TIMUR,September,-1.78,2024,9/1/2024
KAB BELITUNG TIMUR,Oktober,-3.3,2024,10/1/2024
KAB BELITUNG TIMUR,November,-3.39,2024,11/1/2024
KAB BELITUNG TIMUR,Desember,0.86,2024,12/1/2024
KAB BERAU,Januari,1.65,2024,1/1/2024
KAB BERAU,Februari,11.14,2024,2/1/2024
KAB BERAU,Maret,11.41,2024,3/1/2024
KAB BERAU,April,9.56,2024,4/1/2024
KAB BERAU,Mei,9.38,2024,5/1/2024
KAB BERAU,Juni,9.18,2024,6/1/2024
KAB BERAU,Juli,4.69,2024,7/1/2024
KAB BERAU,Agustus,4.35,2024,8/1/2024
KAB BERAU,September,6.78,2024,9/1/2024
KAB BERAU,Oktober,7.61,2024,10/1/2024
KAB BERAU,November,5.88,2024,11/1/2024
KAB BERAU,Desember,4.38,2024,12/1/2024
KAB BOJONEGORO,Januari,11.45,2024,1/1/2024
KAB BOJONEGORO,Februari,10.4,2024,2/1/2024
KAB BOJONEGORO,Maret,9.91,2024,3/1/2024
KAB BOJONEGORO,April,10.02,2024,4/1/2024
KAB BOJONEGORO,Mei,5.65,2024,5/1/2024
KAB BOJONEGORO,Juni,0.72,2024,6/1/2024
KAB BOJONEGORO,Juli,0.9,2024,7/1/2024
KAB BOJONEGORO,Agustus,0.38,2024,8/1/2024
KAB BOJONEGORO,September,-0.17,2024,9/1/2024
KAB BOJONEGORO,Oktober,-0.53,2024,10/1/2024
KAB BOJONEGORO,November,-2.9,2024,11/1/2024
KAB BOJONEGORO,Desember,-2.48,2024,12/1/2024
KAB DELI SERDANG,Januari,4.73,2024,1/1/2024
KAB DELI SERDANG,Februari,3.51,2024,2/1/2024
KAB DELI SERDANG,Maret,7.07,2024,3/1/2024
KAB DELI SERDANG,April,8.17,2024,4/1/2024
KAB DELI SERDANG,Mei,10.38,2024,5/1/2024
KAB DELI SERDANG,Juni,7.67,2024,6/1/2024
KAB DELI SERDANG,Juli,1.76,2024,7/1/2024
KAB DELI SERDANG,Agustus,0.34,2024,8/1/2024
KAB DELI SERDANG,September,-0.82,2024,9/1/2024
KAB DELI SERDANG,Oktober,-0.78,2024,10/1/2024
KAB DELI SERDANG,November,-2.85,2024,11/1/2024
KAB DELI SERDANG,Desember,0.8,2024,12/1/2024
KAB DHARMASRAYA,Januari,3.97,2024,1/1/2024
KAB DHARMASRAYA,Februari,6.69,2024,2/1/2024
KAB DHARMASRAYA,Maret,9.63,2024,3/1/2024
KAB DHARMASRAYA,April,10.87,2024,4/1/2024
KAB DHARMASRAYA,Mei,10.1,2024,5/1/2024
KAB DHARMASRAYA,Juni,10.29,2024,6/1/2024
KAB DHARMASRAYA,Juli,3.31,2024,7/1/2024
KAB DHARMASRAYA,Agustus,6.11,2024,8/1/2024
KAB DHARMASRAYA,September,4.61,2024,9/1/2024
KAB DHARMASRAYA,Oktober,3.79,2024,10/1/2024
KAB DHARMASRAYA,November,-0.17,2024,11/1/2024
KAB DHARMASRAYA,Desember,-2.1,2024,12/1/2024
KAB GORONTALO,Januari,15.09,2024,1/1/2024
KAB GORONTALO,Februari,12.93,2024,2/1/2024
KAB GORONTALO,Maret,13.64,2024,3/1/2024
KAB GORONTALO,April,12.53,2024,4/1/2024
KAB GORONTALO,Mei,15.47,2024,5/1/2024
KAB GORONTALO,Juni,11.87,2024,6/1/2024
KAB GORONTALO,Juli,10.4,2024,7/1/2024
KAB GORONTALO,Agustus,7.67,2024,8/1/2024
KAB GORONTALO,September,7,2024,9/1/2024
KAB GORONTALO,Oktober,0.06,2024,10/1/2024
KAB GORONTALO,November,-0.84,2024,11/1/2024
KAB GORONTALO,Desember,-3.37,2024,12/1/2024
KAB GRESIK,Januari,4.15,2024,1/1/2024
KAB GRESIK,Februari,6.26,2024,2/1/2024
KAB GRESIK,Maret,7.2,2024,3/1/2024
KAB GRESIK,April,8.04,2024,4/1/2024
KAB GRESIK,Mei,7.1,2024,5/1/2024
KAB GRESIK,Juni,4.88,2024,6/1/2024
KAB GRESIK,Juli,3.66,2024,7/1/2024
KAB GRESIK,Agustus,4.02,2024,8/1/2024
KAB GRESIK,September,2.89,2024,9/1/2024
KAB GRESIK,Oktober,3.72,2024,10/1/2024
KAB GRESIK,November,3.12,2024,11/1/2024
KAB GRESIK,Desember,2.71,2024,12/1/2024
KAB GUNUNGKIDUL,Januari,8.88,2024,1/1/2024
KAB GUNUNGKIDUL,Februari,9.83,2024,2/1/2024
KAB GUNUNGKIDUL,Maret,11.04,2024,3/1/2024
KAB GUNUNGKIDUL,April,8.75,2024,4/1/2024
KAB GUNUNGKIDUL,Mei,5.75,2024,5/1/2024
KAB GUNUNGKIDUL,Juni,6.54,2024,6/1/2024
KAB GUNUNGKIDUL,Juli,5.68,2024,7/1/2024
KAB GUNUNGKIDUL,Agustus,5.34,2024,8/1/2024
KAB GUNUNGKIDUL,September,2.57,2024,9/1/2024
KAB GUNUNGKIDUL,Oktober,1.27,2024,10/1/2024
KAB GUNUNGKIDUL,November,-1.35,2024,11/1/2024
KAB GUNUNGKIDUL,Desember,-1.12,2024,12/1/2024
KAB HALMAHERA TENGAH,Januari,11.06,2024,1/1/2024
KAB HALMAHERA TENGAH,Februari,10.1,2024,2/1/2024
KAB HALMAHERA TENGAH,Maret,5.17,2024,3/1/2024
KAB HALMAHERA TENGAH,April,1.7,2024,4/1/2024
KAB HALMAHERA TENGAH,Mei,1.24,2024,5/1/2024
KAB HALMAHERA TENGAH,Juni,1.55,2024,6/1/2024
KAB HALMAHERA TENGAH,Juli,2.09,2024,7/1/2024
KAB HALMAHERA TENGAH,Agustus,2.43,2024,8/1/2024
KAB HALMAHERA TENGAH,September,2.11,2024,9/1/2024
KAB HALMAHERA TENGAH,Oktober,3.09,2024,10/1/2024
KAB HALMAHERA TENGAH,November,4.94,2024,11/1/2024
KAB HALMAHERA TENGAH,Desember,-0.55,2024,12/1/2024
KAB HULU SUNGAI TENGAH,Januari,10.96,2024,1/1/2024
KAB HULU SUNGAI TENGAH,Februari,5.59,2024,2/1/2024
KAB HULU SUNGAI TENGAH,Maret,6.21,2024,3/1/2024
KAB HULU SUNGAI TENGAH,April,8.13,2024,4/1/2024
KAB HULU SUNGAI TENGAH,Mei,4.3,2024,5/1/2024
KAB HULU SUNGAI TENGAH,Juni,4.67,2024,6/1/2024
KAB HULU SUNGAI TENGAH,Juli,-2,2024,7/1/2024
KAB HULU SUNGAI TENGAH,Agustus,-3.34,2024,8/1/2024
KAB HULU SUNGAI TENGAH,September,0.33,2024,9/1/2024
KAB HULU SUNGAI TENGAH,Oktober,1.63,2024,10/1/2024
KAB HULU SUNGAI TENGAH,November,1.57,2024,11/1/2024
KAB HULU SUNGAI TENGAH,Desember,-1.6,2024,12/1/2024
KAB JAYAWIJAYA,Januari,7.2,2024,1/1/2024
KAB JAYAWIJAYA,Februari,6.17,2024,2/1/2024
KAB JAYAWIJAYA,Maret,5.73,2024,3/1/2024
KAB JAYAWIJAYA,April,6.19,2024,4/1/2024
KAB JAYAWIJAYA,Mei,8.78,2024,5/1/2024
KAB JAYAWIJAYA,Juni,10.9,2024,6/1/2024
KAB JAYAWIJAYA,Juli,9.27,2024,7/1/2024
KAB JAYAWIJAYA,Agustus,8.46,2024,8/1/2024
KAB JAYAWIJAYA,September,6.17,2024,9/1/2024
KAB JAYAWIJAYA,Oktober,3.31,2024,10/1/2024
KAB JAYAWIJAYA,November,4.18,2024,11/1/2024
KAB JAYAWIJAYA,Desember,7.89,2024,12/1/2024
KAB KAMPAR,Januari,5.75,2024,1/1/2024
KAB KAMPAR,Februari,8.17,2024,2/1/2024
KAB KAMPAR,Maret,9.81,2024,3/1/2024
KAB KAMPAR,April,12.23,2024,4/1/2024
KAB KAMPAR,Mei,14.92,2024,5/1/2024
KAB KAMPAR,Juni,8.71,2024,6/1/2024
KAB KAMPAR,Juli,1.52,2024,7/1/2024
KAB KAMPAR,Agustus,0.42,2024,8/1/2024
KAB KAMPAR,September,0.69,2024,9/1/2024
KAB KAMPAR,Oktober,2.42,2024,10/1/2024
KAB KAMPAR,November,-2.74,2024,11/1/2024
KAB KAMPAR,Desember,-1.16,2024,12/1/2024
KAB KAPUAS,Januari,8.15,2024,1/1/2024
KAB KAPUAS,Februari,4.63,2024,2/1/2024
KAB KAPUAS,Maret,6.25,2024,3/1/2024
KAB KAPUAS,April,5.2,2024,4/1/2024
KAB KAPUAS,Mei,2.7,2024,5/1/2024
KAB KAPUAS,Juni,2.78,2024,6/1/2024
KAB KAPUAS,Juli,-0.45,2024,7/1/2024
KAB KAPUAS,Agustus,-0.26,2024,8/1/2024
KAB KAPUAS,September,1.8,2024,9/1/2024
KAB KAPUAS,Oktober,1.23,2024,10/1/2024
KAB KAPUAS,November,0.88,2024,11/1/2024
KAB KAPUAS,Desember,1.52,2024,12/1/2024
KAB KARIMUN,Januari,6.24,2024,1/1/2024
KAB KARIMUN,Februari,1.71,2024,2/1/2024
KAB KARIMUN,Maret,4.03,2024,3/1/2024
KAB KARIMUN,April,2.9,2024,4/1/2024
KAB KARIMUN,Mei,4.37,2024,5/1/2024
KAB KARIMUN,Juni,4.98,2024,6/1/2024
KAB KARIMUN,Juli,7.02,2024,7/1/2024
KAB KARIMUN,Agustus,4.77,2024,8/1/2024
KAB KARIMUN,September,3.52,2024,9/1/2024
KAB KARIMUN,Oktober,3.72,2024,10/1/2024
KAB KARIMUN,November,2.22,2024,11/1/2024
KAB KARIMUN,Desember,1.79,2024,12/1/2024
KAB KARO,Januari,2.32,2024,1/1/2024
KAB KARO,Februari,3.46,2024,2/1/2024
KAB KARO,Maret,6.68,2024,3/1/2024
KAB KARO,April,8.52,2024,4/1/2024
KAB KARO,Mei,10.86,2024,5/1/2024
KAB KARO,Juni,6.35,2024,6/1/2024
KAB KARO,Juli,2.22,2024,7/1/2024
KAB KARO,Agustus,-2.43,2024,8/1/2024
KAB KARO,September,-3.1,2024,9/1/2024
KAB KARO,Oktober,-2.76,2024,10/1/2024
KAB KARO,November,-0.69,2024,11/1/2024
KAB KARO,Desember,0.1,2024,12/1/2024
KAB KAYONG UTARA,Januari,3.2,2024,1/1/2024
KAB KAYONG UTARA,Februari,4.61,2024,2/1/2024
KAB KAYONG UTARA,Maret,4.19,2024,3/1/2024
KAB KAYONG UTARA,April,5.44,2024,4/1/2024
KAB KAYONG UTARA,Mei,5.65,2024,5/1/2024
KAB KAYONG UTARA,Juni,5,2024,6/1/2024
KAB KAYONG UTARA,Juli,2.75,2024,7/1/2024
KAB KAYONG UTARA,Agustus,1.81,2024,8/1/2024
KAB KAYONG UTARA,September,2.17,2024,9/1/2024
KAB KAYONG UTARA,Oktober,2.47,2024,10/1/2024
KAB KAYONG UTARA,November,2.8,2024,11/1/2024
KAB KAYONG UTARA,Desember,3.45,2024,12/1/2024
KAB KERINCI,Januari,8.68,2024,1/1/2024
KAB KERINCI,Februari,6.17,2024,2/1/2024
KAB KERINCI,Maret,11.18,2024,3/1/2024
KAB KERINCI,April,10.4,2024,4/1/2024
KAB KERINCI,Mei,7.85,2024,5/1/2024
KAB KERINCI,Juni,8.83,2024,6/1/2024
KAB KERINCI,Juli,3.64,2024,7/1/2024
KAB KERINCI,Agustus,4.95,2024,8/1/2024
KAB KERINCI,September,2.31,2024,9/1/2024
KAB KERINCI,Oktober,3.1,2024,10/1/2024
KAB KERINCI,November,0.96,2024,11/1/2024
KAB KERINCI,Desember,0.49,2024,12/1/2024
KAB KETAPANG,Januari,8.54,2024,1/1/2024
KAB KETAPANG,Februari,6.35,2024,2/1/2024
KAB KETAPANG,Maret,4.51,2024,3/1/2024
KAB KETAPANG,April,4.23,2024,4/1/2024
KAB KETAPANG,Mei,6,2024,5/1/2024
KAB KETAPANG,Juni,4.91,2024,6/1/2024
KAB KETAPANG,Juli,2.5,2024,7/1/2024
KAB KETAPANG,Agustus,1.61,2024,8/1/2024
KAB KETAPANG,September,2.01,2024,9/1/2024
KAB KETAPANG,Oktober,1.26,2024,10/1/2024
KAB KETAPANG,November,0.96,2024,11/1/2024
KAB KETAPANG,Desember,2.89,2024,12/1/2024
KAB KOLAKA,Januari,5.39,2024,1/1/2024
KAB KOLAKA,Februari,4.41,2024,2/1/2024
KAB KOLAKA,Maret,2.7,2024,3/1/2024
KAB KOLAKA,April,2.59,2024,4/1/2024
KAB KOLAKA,Mei,1.76,2024,5/1/2024
KAB KOLAKA,Juni,1.84,2024,6/1/2024
KAB KOLAKA,Juli,2.74,2024,7/1/2024
KAB KOLAKA,Agustus,2.95,2024,8/1/2024
KAB KOLAKA,September,1.62,2024,9/1/2024
KAB KOLAKA,Oktober,1.5,2024,10/1/2024
KAB KOLAKA,November,2.6,2024,11/1/2024
KAB KOLAKA,Desember,2.56,2024,12/1/2024
KAB KONAWE,Januari,3.89,2024,1/1/2024
KAB KONAWE,Februari,8.39,2024,2/1/2024
KAB KONAWE,Maret,10.35,2024,3/1/2024
KAB KONAWE,April,6.49,2024,4/1/2024
KAB KONAWE,Mei,4.9,2024,5/1/2024
KAB KONAWE,Juni,2.13,2024,6/1/2024
KAB KONAWE,Juli,0.16,2024,7/1/2024
KAB KONAWE,Agustus,0.23,2024,8/1/2024
KAB KONAWE,September,-0.96,2024,9/1/2024
KAB KONAWE,Oktober,-3.8,2024,10/1/2024
KAB KONAWE,November,-1.45,2024,11/1/2024
KAB KONAWE,Desember,-1.05,2024,12/1/2024
KAB LABUHANBATU,Januari,-0.22,2024,1/1/2024
KAB LABUHANBATU,Februari,4.46,2024,2/1/2024
KAB LABUHANBATU,Maret,11.64,2024,3/1/2024
KAB LABUHANBATU,April,12.62,2024,4/1/2024
KAB LABUHANBATU,Mei,11.15,2024,5/1/2024
KAB LABUHANBATU,Juni,6.07,2024,6/1/2024
KAB LABUHANBATU,Juli,0.18,2024,7/1/2024
KAB LABUHANBATU,Agustus,2.82,2024,8/1/2024
KAB LABUHANBATU,September,0.29,2024,9/1/2024
KAB LABUHANBATU,Oktober,1.1,2024,10/1/2024
KAB LABUHANBATU,November,3.42,2024,11/1/2024
KAB LABUHANBATU,Desember,5.5,2024,12/1/2024
KAB LAMPUNG TIMUR,Januari,13.83,2024,1/1/2024
KAB LAMPUNG TIMUR,Februari,10.88,2024,2/1/2024
KAB LAMPUNG TIMUR,Maret,11.56,2024,3/1/2024
KAB LAMPUNG TIMUR,April,12.82,2024,4/1/2024
KAB LAMPUNG TIMUR,Mei,9.98,2024,5/1/2024
KAB LAMPUNG TIMUR,Juni,8.2,2024,6/1/2024
KAB LAMPUNG TIMUR,Juli,6.35,2024,7/1/2024
KAB LAMPUNG TIMUR,Agustus,4.55,2024,8/1/2024
KAB LAMPUNG TIMUR,September,2.95,2024,9/1/2024
KAB LAMPUNG TIMUR,Oktober,1.52,2024,10/1/2024
KAB LAMPUNG TIMUR,November,0.96,2024,11/1/2024
KAB LAMPUNG TIMUR,Desember,-0.33,2024,12/1/2024
KAB LEBAK,Januari,8.39,2024,1/1/2024
KAB LEBAK,Februari,7.81,2024,2/1/2024
KAB LEBAK,Maret,6.32,2024,3/1/2024
KAB LEBAK,April,5.6,2024,4/1/2024
KAB LEBAK,Mei,3.55,2024,5/1/2024
KAB LEBAK,Juni,1.15,2024,6/1/2024
KAB LEBAK,Juli,3.43,2024,7/1/2024
KAB LEBAK,Agustus,3.82,2024,8/1/2024
KAB LEBAK,September,2.74,2024,9/1/2024
KAB LEBAK,Oktober,1.34,2024,10/1/2024
KAB LEBAK,November,0.22,2024,11/1/2024
KAB LEBAK,Desember,0.77,2024,12/1/2024
KAB LUWU TIMUR,Januari,6.28,2024,1/1/2024
KAB LUWU TIMUR,Februari,8.74,2024,2/1/2024
KAB LUWU TIMUR,Maret,7.98,2024,3/1/2024
KAB LUWU TIMUR,April,8.38,2024,4/1/2024
KAB LUWU TIMUR,Mei,7.26,2024,5/1/2024
KAB LUWU TIMUR,Juni,5.04,2024,6/1/2024
KAB LUWU TIMUR,Juli,2.58,2024,7/1/2024
KAB LUWU TIMUR,Agustus,1.45,2024,8/1/2024
KAB LUWU TIMUR,September,1.91,2024,9/1/2024
KAB LUWU TIMUR,Oktober,3.32,2024,10/1/2024
KAB LUWU TIMUR,November,2.64,2024,11/1/2024
KAB LUWU TIMUR,Desember,2.82,2024,12/1/2024
KAB MAJALENGKA,Januari,6.48,2024,1/1/2024
KAB MAJALENGKA,Februari,7.19,2024,2/1/2024
KAB MAJALENGKA,Maret,8.26,2024,3/1/2024
KAB MAJALENGKA,April,6.67,2024,4/1/2024
KAB MAJALENGKA,Mei,5.56,2024,5/1/2024
KAB MAJALENGKA,Juni,2.74,2024,6/1/2024
KAB MAJALENGKA,Juli,4.48,2024,7/1/2024
KAB MAJALENGKA,Agustus,2.27,2024,8/1/2024
KAB MAJALENGKA,September,0.73,2024,9/1/2024
KAB MAJALENGKA,Oktober,0.65,2024,10/1/2024
KAB MAJALENGKA,November,0.51,2024,11/1/2024
KAB MAJALENGKA,Desember,0.8,2024,12/1/2024
KAB MAJENE,Januari,5.97,2024,1/1/2024
KAB MAJENE,Februari,5.36,2024,2/1/2024
KAB MAJENE,Maret,5.96,2024,3/1/2024
KAB MAJENE,April,2.53,2024,4/1/2024
KAB MAJENE,Mei,-0.99,2024,5/1/2024
KAB MAJENE,Juni,3.29,2024,6/1/2024
KAB MAJENE,Juli,2.92,2024,7/1/2024
KAB MAJENE,Agustus,1.26,2024,8/1/2024
KAB MAJENE,September,2.18,2024,9/1/2024
KAB MAJENE,Oktober,1.55,2024,10/1/2024
KAB MAJENE,November,-0.52,2024,11/1/2024
KAB MAJENE,Desember,0.5,2024,12/1/2024
KAB MALUKU TENGAH,Januari,14.11,2024,1/1/2024
KAB MALUKU TENGAH,Februari,5.87,2024,2/1/2024
KAB MALUKU TENGAH,Maret,4.04,2024,3/1/2024
KAB MALUKU TENGAH,April,1.16,2024,4/1/2024
KAB MALUKU TENGAH,Mei,-1.09,2024,5/1/2024
KAB MALUKU TENGAH,Juni,1.01,2024,6/1/2024
KAB MALUKU TENGAH,Juli,0.06,2024,7/1/2024
KAB MALUKU TENGAH,Agustus,-3,2024,8/1/2024
KAB MALUKU TENGAH,September,-4.89,2024,9/1/2024
KAB MALUKU TENGAH,Oktober,-0.86,2024,10/1/2024
KAB MALUKU TENGAH,November,0.08,2024,11/1/2024
KAB MALUKU TENGAH,Desember,-3.05,2024,12/1/2024
KAB MESUJI,Januari,5.64,2024,1/1/2024
KAB MESUJI,Februari,6.17,2024,2/1/2024
KAB MESUJI,Maret,8.42,2024,3/1/2024
KAB MESUJI,April,7.01,2024,4/1/2024
KAB MESUJI,Mei,7.13,2024,5/1/2024
KAB MESUJI,Juni,4.62,2024,6/1/2024
KAB MESUJI,Juli,-0.39,2024,7/1/2024
KAB MESUJI,Agustus,0.09,2024,8/1/2024
KAB MESUJI,September,1.76,2024,9/1/2024
KAB MESUJI,Oktober,2.23,2024,10/1/2024
KAB MESUJI,November,1.46,2024,11/1/2024
KAB MESUJI,Desember,0.94,2024,12/1/2024
KAB MINAHASA SELATAN,Januari,14.43,2024,1/1/2024
KAB MINAHASA SELATAN,Februari,13.55,2024,2/1/2024
KAB MINAHASA SELATAN,Maret,14.18,2024,3/1/2024
KAB MINAHASA SELATAN,April,18.82,2024,4/1/2024
KAB MINAHASA SELATAN,Mei,18.27,2024,5/1/2024
KAB MINAHASA SELATAN,Juni,18.33,2024,6/1/2024
KAB MINAHASA SELATAN,Juli,16.02,2024,7/1/2024
KAB MINAHASA SELATAN,Agustus,20.55,2024,8/1/2024
KAB MINAHASA SELATAN,September,16.96,2024,9/1/2024
KAB MINAHASA SELATAN,Oktober,13.82,2024,10/1/2024
KAB MINAHASA SELATAN,November,7.87,2024,11/1/2024
KAB MINAHASA SELATAN,Desember,-1.75,2024,12/1/2024
KAB MINAHASA UTARA,Januari,13.92,2024,1/1/2024
KAB MINAHASA UTARA,Februari,11.34,2024,2/1/2024
KAB MINAHASA UTARA,Maret,10.52,2024,3/1/2024
KAB MINAHASA UTARA,April,15.68,2024,4/1/2024
KAB MINAHASA UTARA,Mei,12.75,2024,5/1/2024
KAB MINAHASA UTARA,Juni,16.59,2024,6/1/2024
KAB MINAHASA UTARA,Juli,12.85,2024,7/1/2024
KAB MINAHASA UTARA,Agustus,15.55,2024,8/1/2024
KAB MINAHASA UTARA,September,9.28,2024,9/1/2024
KAB MINAHASA UTARA,Oktober,5.16,2024,10/1/2024
KAB MINAHASA UTARA,November,5.16,2024,11/1/2024
KAB MINAHASA UTARA,Desember,-2.12,2024,12/1/2024
KAB MOROWALI,Januari,9.23,2024,1/1/2024
KAB MOROWALI,Februari,14.2,2024,2/1/2024
KAB MOROWALI,Maret,15.76,2024,3/1/2024
KAB MOROWALI,April,17.42,2024,4/1/2024
KAB MOROWALI,Mei,12.79,2024,5/1/2024
KAB MOROWALI,Juni,10.6,2024,6/1/2024
KAB MOROWALI,Juli,8.69,2024,7/1/2024
KAB MOROWALI,Agustus,3.23,2024,8/1/2024
KAB MOROWALI,September,3.87,2024,9/1/2024
KAB MOROWALI,Oktober,5.63,2024,10/1/2024
KAB MOROWALI,November,7.44,2024,11/1/2024
KAB MOROWALI,Desember,3,2024,12/1/2024
KAB MUARA ENIM,Januari,11.41,2024,1/1/2024
KAB MUARA ENIM,Februari,8.28,2024,2/1/2024
KAB MUARA ENIM,Maret,5.89,2024,3/1/2024
KAB MUARA ENIM,April,4.18,2024,4/1/2024
KAB MUARA ENIM,Mei,2.57,2024,5/1/2024
KAB MUARA ENIM,Juni,-0.79,2024,6/1/2024
KAB MUARA ENIM,Juli,-2.25,2024,7/1/2024
KAB MUARA ENIM,Agustus,-1.63,2024,8/1/2024
KAB MUARA ENIM,September,-2.79,2024,9/1/2024
KAB MUARA ENIM,Oktober,-2.34,2024,10/1/2024
KAB MUARA ENIM,November,-4.93,2024,11/1/2024
KAB MUARA ENIM,Desember,-2.36,2024,12/1/2024
KAB MUKO MUKO,Januari,3,2024,1/1/2024
KAB MUKO MUKO,Februari,8.22,2024,2/1/2024
KAB MUKO MUKO,Maret,5.96,2024,3/1/2024
KAB MUKO MUKO,April,6.43,2024,4/1/2024
KAB MUKO MUKO,Mei,7.26,2024,5/1/2024
KAB MUKO MUKO,Juni,8.37,2024,6/1/2024
KAB MUKO MUKO,Juli,0.75,2024,7/1/2024
KAB MUKO MUKO,Agustus,1.69,2024,8/1/2024
KAB MUKO MUKO,September,-4.11,2024,9/1/2024
KAB MUKO MUKO,Oktober,-2.87,2024,10/1/2024
KAB MUKO MUKO,November,-5.74,2024,11/1/2024
KAB MUKO MUKO,Desember,-5.67,2024,12/1/2024
KAB NABIRE,Januari,9.3,2024,1/1/2024
KAB NABIRE,Februari,5.9,2024,2/1/2024
KAB NABIRE,Maret,10.57,2024,3/1/2024
KAB NABIRE,April,14.16,2024,4/1/2024
KAB NABIRE,Mei,17.57,2024,5/1/2024
KAB NABIRE,Juni,13,2024,6/1/2024
KAB NABIRE,Juli,14.36,2024,7/1/2024
KAB NABIRE,Agustus,10.84,2024,8/1/2024
KAB NABIRE,September,5.24,2024,9/1/2024
KAB NABIRE,Oktober,3.62,2024,10/1/2024
KAB NABIRE,November,9.41,2024,11/1/2024
KAB NABIRE,Desember,1.85,2024,12/1/2024
KAB NGADA,Januari,6.29,2024,1/1/2024
KAB NGADA,Februari,4.82,2024,2/1/2024
KAB NGADA,Maret,1.38,2024,3/1/2024
KAB NGADA,April,6.45,2024,4/1/2024
KAB NGADA,Mei,6.16,2024,5/1/2024
KAB NGADA,Juni,4.91,2024,6/1/2024
KAB NGADA,Juli,2.2,2024,7/1/2024
KAB NGADA,Agustus,2.39,2024,8/1/2024
KAB NGADA,September,0.37,2024,9/1/2024
KAB NGADA,Oktober,1.31,2024,10/1/2024
KAB NGADA,November,2.48,2024,11/1/2024
KAB NGADA,Desember,3.86,2024,12/1/2024
KAB NUNUKAN,Januari,6.73,2024,1/1/2024
KAB NUNUKAN,Februari,5.33,2024,2/1/2024
KAB NUNUKAN,Maret,7.72,2024,3/1/2024
KAB NUNUKAN,April,5.81,2024,4/1/2024
KAB NUNUKAN,Mei,3.47,2024,5/1/2024
KAB NUNUKAN,Juni,5.36,2024,6/1/2024
KAB NUNUKAN,Juli,3.4,2024,7/1/2024
KAB NUNUKAN,Agustus,0.73,2024,8/1/2024
KAB NUNUKAN,September,1.18,2024,9/1/2024
KAB NUNUKAN,Oktober,6.24,2024,10/1/2024
KAB NUNUKAN,November,1.81,2024,11/1/2024
KAB NUNUKAN,Desember,-1.76,2024,12/1/2024
KAB OGAN KOMERING ILIR,Januari,10.27,2024,1/1/2024
KAB OGAN KOMERING ILIR,Februari,11.03,2024,2/1/2024
KAB OGAN KOMERING ILIR,Maret,10.56,2024,3/1/2024
KAB OGAN KOMERING ILIR,April,8.54,2024,4/1/2024
KAB OGAN KOMERING ILIR,Mei,6.9,2024,5/1/2024
KAB OGAN KOMERING ILIR,Juni,4.06,2024,6/1/2024
KAB OGAN KOMERING ILIR,Juli,2.15,2024,7/1/2024
KAB OGAN KOMERING ILIR,Agustus,1.92,2024,8/1/2024
KAB OGAN KOMERING ILIR,September,1.22,2024,9/1/2024
KAB OGAN KOMERING ILIR,Oktober,0.01,2024,10/1/2024
KAB OGAN KOMERING ILIR,November,-3.44,2024,11/1/2024
KAB OGAN KOMERING ILIR,Desember,-0.88,2024,12/1/2024
KAB PANDEGLANG,Januari,3.78,2024,1/1/2024
KAB PANDEGLANG,Februari,5.47,2024,2/1/2024
KAB PANDEGLANG,Maret,6.11,2024,3/1/2024
KAB PANDEGLANG,April,7.1,2024,4/1/2024
KAB PANDEGLANG,Mei,4.81,2024,5/1/2024
KAB PANDEGLANG,Juni,1.74,2024,6/1/2024
KAB PANDEGLANG,Juli,0.03,2024,7/1/2024
KAB PANDEGLANG,Agustus,-0.35,2024,8/1/2024
KAB PANDEGLANG,September,-1.15,2024,9/1/2024
KAB PANDEGLANG,Oktober,-1.7,2024,10/1/2024
KAB PANDEGLANG,November,0.19,2024,11/1/2024
KAB PANDEGLANG,Desember,2.09,2024,12/1/2024
KAB PASAMAN BARAT,Januari,6.94,2024,1/1/2024
KAB PASAMAN BARAT,Februari,12.01,2024,2/1/2024
KAB PASAMAN BARAT,Maret,14.39,2024,3/1/2024
KAB PASAMAN BARAT,April,13.17,2024,4/1/2024
KAB PASAMAN BARAT,Mei,15.09,2024,5/1/2024
KAB PASAMAN BARAT,Juni,14.36,2024,6/1/2024
KAB PASAMAN BARAT,Juli,6.93,2024,7/1/2024
KAB PASAMAN BARAT,Agustus,3.29,2024,8/1/2024
KAB PASAMAN BARAT,September,1.39,2024,9/1/2024
KAB PASAMAN BARAT,Oktober,1.44,2024,10/1/2024
KAB PASAMAN BARAT,November,-4.41,2024,11/1/2024
KAB PASAMAN BARAT,Desember,-3.8,2024,12/1/2024
KAB PENAJAM PASER UTARA,Januari,6.37,2024,1/1/2024
KAB PENAJAM PASER UTARA,Februari,8.2,2024,2/1/2024
KAB PENAJAM PASER UTARA,Maret,7.2,2024,3/1/2024
KAB PENAJAM PASER UTARA,April,7.38,2024,4/1/2024
KAB PENAJAM PASER UTARA,Mei,7,2024,5/1/2024
KAB PENAJAM PASER UTARA,Juni,4.84,2024,6/1/2024
KAB PENAJAM PASER UTARA,Juli,2.46,2024,7/1/2024
KAB PENAJAM PASER UTARA,Agustus,1.5,2024,8/1/2024
KAB PENAJAM PASER UTARA,September,2.96,2024,9/1/2024
KAB PENAJAM PASER UTARA,Oktober,-0.74,2024,10/1/2024
KAB PENAJAM PASER UTARA,November,-0.39,2024,11/1/2024
KAB PENAJAM PASER UTARA,Desember,0.95,2024,12/1/2024
KAB REMBANG,Januari,9.56,2024,1/1/2024
KAB REMBANG,Februari,9.4,2024,2/1/2024
KAB REMBANG,Maret,11.06,2024,3/1/2024
KAB REMBANG,April,8.96,2024,4/1/2024
KAB REMBANG,Mei,5.27,2024,5/1/2024
KAB REMBANG,Juni,3.21,2024,6/1/2024
KAB REMBANG,Juli,1.29,2024,7/1/2024
KAB REMBANG,Agustus,0.44,2024,8/1/2024
KAB REMBANG,September,-0.21,2024,9/1/2024
KAB REMBANG,Oktober,-0.36,2024,10/1/2024
KAB REMBANG,November,-1.27,2024,11/1/2024
KAB REMBANG,Desember,-0.44,2024,12/1/2024
KAB SIDENRENG RAPPANG,Januari,6.01,2024,1/1/2024
KAB SIDENRENG RAPPANG,Februari,7.19,2024,2/1/2024
KAB SIDENRENG RAPPANG,Maret,13.42,2024,3/1/2024
KAB SIDENRENG RAPPANG,April,10.86,2024,4/1/2024
KAB SIDENRENG RAPPANG,Mei,10.64,2024,5/1/2024
KAB SIDENRENG RAPPANG,Juni,5.85,2024,6/1/2024
KAB SIDENRENG RAPPANG,Juli,3.29,2024,7/1/2024
KAB SIDENRENG RAPPANG,Agustus,2.26,2024,8/1/2024
KAB SIDENRENG RAPPANG,September,2.75,2024,9/1/2024
KAB SIDENRENG RAPPANG,Oktober,2.49,2024,10/1/2024
KAB SIDENRENG RAPPANG,November,1.83,2024,11/1/2024
KAB SIDENRENG RAPPANG,Desember,-0.81,2024,12/1/2024
KAB SORONG,Januari,1.38,2024,1/1/2024
KAB SORONG,Februari,4.19,2024,2/1/2024
KAB SORONG,Maret,4.5,2024,3/1/2024
KAB SORONG,April,10.41,2024,4/1/2024
KAB SORONG,Mei,10.12,2024,5/1/2024
KAB SORONG,Juni,5.63,2024,6/1/2024
KAB SORONG,Juli,7.27,2024,7/1/2024
KAB SORONG,Agustus,5.49,2024,8/1/2024
KAB SORONG,September,8.92,2024,9/1/2024
KAB SORONG,Oktober,8.54,2024,10/1/2024
KAB SORONG,November,4.67,2024,11/1/2024
KAB SORONG,Desember,3.5,2024,12/1/2024
KAB SORONG SELATAN,Januari,2.02,2024,1/1/2024
KAB SORONG SELATAN,Februari,4.51,2024,2/1/2024
KAB SORONG SELATAN,Maret,6.2,2024,3/1/2024
KAB SORONG SELATAN,April,5.81,2024,4/1/2024
KAB SORONG SELATAN,Mei,5.58,2024,5/1/2024
KAB SORONG SELATAN,Juni,4.24,2024,6/1/2024
KAB SORONG SELATAN,Juli,5.54,2024,7/1/2024
KAB SORONG SELATAN,Agustus,5.58,2024,8/1/2024
KAB SORONG SELATAN,September,4.21,2024,9/1/2024
KAB SORONG SELATAN,Oktober,5.88,2024,10/1/2024
KAB SORONG SELATAN,November,6.12,2024,11/1/2024
KAB SORONG SELATAN,Desember,4.32,2024,12/1/2024
KAB SUBANG,Januari,10.51,2024,1/1/2024
KAB SUBANG,Februari,8.95,2024,2/1/2024
KAB SUBANG,Maret,9.43,2024,3/1/2024
KAB SUBANG,April,8.61,2024,4/1/2024
KAB SUBANG,Mei,5.05,2024,5/1/2024
KAB SUBANG,Juni,3.1,2024,6/1/2024
KAB SUBANG,Juli,2.34,2024,7/1/2024
KAB SUBANG,Agustus,3.75,2024,8/1/2024
KAB SUBANG,September,1.35,2024,9/1/2024
KAB SUBANG,Oktober,1.06,2024,10/1/2024
KAB SUBANG,November,-2.36,2024,11/1/2024
KAB SUBANG,Desember,-1.78,2024,12/1/2024
KAB SUKAMARA,Januari,7.13,2024,1/1/2024
KAB SUKAMARA,Februari,5.25,2024,2/1/2024
KAB SUKAMARA,Maret,4.8,2024,3/1/2024
KAB SUKAMARA,April,5.91,2024,4/1/2024
KAB SUKAMARA,Mei,7.03,2024,5/1/2024
KAB SUKAMARA,Juni,2.23,2024,6/1/2024
KAB SUKAMARA,Juli,1.78,2024,7/1/2024
KAB SUKAMARA,Agustus,2.79,2024,8/1/2024
KAB SUKAMARA,September,3.18,2024,9/1/2024
KAB SUKAMARA,Oktober,2.6,2024,10/1/2024
KAB SUKAMARA,November,0.76,2024,11/1/2024
KAB SUKAMARA,Desember,0.68,2024,12/1/2024
KAB SUMBAWA,Januari,6.02,2024,1/1/2024
KAB SUMBAWA,Februari,7.96,2024,2/1/2024
KAB SUMBAWA,Maret,9.14,2024,3/1/2024
KAB SUMBAWA,April,7.44,2024,4/1/2024
KAB SUMBAWA,Mei,3.19,2024,5/1/2024
KAB SUMBAWA,Juni,-0.54,2024,6/1/2024
KAB SUMBAWA,Juli,0.41,2024,7/1/2024
KAB SUMBAWA,Agustus,0.73,2024,8/1/2024
KAB SUMBAWA,September,0.55,2024,9/1/2024
KAB SUMBAWA,Oktober,-1.19,2024,10/1/2024
KAB SUMBAWA,November,-1.28,2024,11/1/2024
KAB SUMBAWA,Desember,-2.88,2024,12/1/2024
KAB TABANAN,Januari,7.42,2024,1/1/2024
KAB TABANAN,Februari,7.54,2024,2/1/2024
KAB TABANAN,Maret,8.06,2024,3/1/2024
KAB TABANAN,April,10.55,2024,4/1/2024
KAB TABANAN,Mei,7.97,2024,5/1/2024
KAB TABANAN,Juni,2.87,2024,6/1/2024
KAB TABANAN,Juli,2.42,2024,7/1/2024
KAB TABANAN,Agustus,2.07,2024,8/1/2024
KAB TABANAN,September,4.67,2024,9/1/2024
KAB TABANAN,Oktober,3.09,2024,10/1/2024
KAB TABANAN,November,3.81,2024,11/1/2024
KAB TABANAN,Desember,3.98,2024,12/1/2024
KAB TANAH LAUT,Januari,8.2,2024,1/1/2024
KAB TANAH LAUT,Februari,3.58,2024,2/1/2024
KAB TANAH LAUT,Maret,5.83,2024,3/1/2024
KAB TANAH LAUT,April,5.66,2024,4/1/2024
KAB TANAH LAUT,Mei,2.18,2024,5/1/2024
KAB TANAH LAUT,Juni,2.55,2024,6/1/2024
KAB TANAH LAUT,Juli,0.82,2024,7/1/2024
KAB TANAH LAUT,Agustus,0.26,2024,8/1/2024
KAB TANAH LAUT,September,4.1,2024,9/1/2024
KAB TANAH LAUT,Oktober,1.95,2024,10/1/2024
KAB TANAH LAUT,November,6.93,2024,11/1/2024
KAB TANAH LAUT,Desember,7.38,2024,12/1/2024
KAB TIMOR TENGAH SELATAN,Januari,9.06,2024,1/1/2024
KAB TIMOR TENGAH SELATAN,Februari,5.82,2024,2/1/2024
KAB TIMOR TENGAH SELATAN,Maret,3.04,2024,3/1/2024
KAB TIMOR TENGAH SELATAN,April,2.59,2024,4/1/2024
KAB TIMOR TENGAH SELATAN,Mei,1.63,2024,5/1/2024
KAB TIMOR TENGAH SELATAN,Juni,-2.18,2024,6/1/2024
KAB TIMOR TENGAH SELATAN,Juli,-5.63,2024,7/1/2024
KAB TIMOR TENGAH SELATAN,Agustus,-4.46,2024,8/1/2024
KAB TIMOR TENGAH SELATAN,September,-5.08,2024,9/1/2024
KAB TIMOR TENGAH SELATAN,Oktober,-4.52,2024,10/1/2024
KAB TIMOR TENGAH SELATAN,November,-5.44,2024,11/1/2024
KAB TIMOR TENGAH SELATAN,Desember,-3.22,2024,12/1/2024
KAB TOLI TOLI,Januari,13.42,2024,1/1/2024
KAB TOLI TOLI,Februari,11.34,2024,2/1/2024
KAB TOLI TOLI,Maret,12.59,2024,3/1/2024
KAB TOLI TOLI,April,14.98,2024,4/1/2024
KAB TOLI TOLI,Mei,11.63,2024,5/1/2024
KAB TOLI TOLI,Juni,8.92,2024,6/1/2024
KAB TOLI TOLI,Juli,6.73,2024,7/1/2024
KAB TOLI TOLI,Agustus,7.46,2024,8/1/2024
KAB TOLI TOLI,September,6.2,2024,9/1/2024
KAB TOLI TOLI,Oktober,3.69,2024,10/1/2024
KAB TOLI TOLI,November,1.75,2024,11/1/2024
KAB TOLI TOLI,Desember,-3.77,2024,12/1/2024
KAB TULUNGAGUNG,Januari,7.58,2024,1/1/2024
KAB TULUNGAGUNG,Februari,8,2024,2/1/2024
KAB TULUNGAGUNG,Maret,8.83,2024,3/1/2024
KAB TULUNGAGUNG,April,8.93,2024,4/1/2024
KAB TULUNGAGUNG,Mei,9.34,2024,5/1/2024
KAB TULUNGAGUNG,Juni,5.55,2024,6/1/2024
KAB TULUNGAGUNG,Juli,5.35,2024,7/1/2024
KAB TULUNGAGUNG,Agustus,5.29,2024,8/1/2024
KAB TULUNGAGUNG,September,2.87,2024,9/1/2024
KAB TULUNGAGUNG,Oktober,2.13,2024,10/1/2024
KAB TULUNGAGUNG,November,1.3,2024,11/1/2024
KAB TULUNGAGUNG,Desember,1.75,2024,12/1/2024
KAB WAJO,Januari,6.89,2024,1/1/2024
KAB WAJO,Februari,9.09,2024,2/1/2024
KAB WAJO,Maret,5.77,2024,3/1/2024
KAB WAJO,April,3.92,2024,4/1/2024
KAB WAJO,Mei,1.52,2024,5/1/2024
KAB WAJO,Juni,1.84,2024,6/1/2024
KAB WAJO,Juli,-0.89,2024,7/1/2024
KAB WAJO,Agustus,-0.18,2024,8/1/2024
KAB WAJO,September,-0.22,2024,9/1/2024
KAB WAJO,Oktober,-0.92,2024,10/1/2024
KAB WAJO,November,-2.18,2024,11/1/2024
KAB WAJO,Desember,-4.34,2024,12/1/2024
KAB WONOGIRI,Januari,7.69,2024,1/1/2024
KAB WONOGIRI,Februari,9.41,2024,2/1/2024
KAB WONOGIRI,Maret,10.4,2024,3/1/2024
KAB WONOGIRI,April,9.34,2024,4/1/2024
KAB WONOGIRI,Mei,6.38,2024,5/1/2024
KAB WONOGIRI,Juni,4.08,2024,6/1/2024
KAB WONOGIRI,Juli,2.56,2024,7/1/2024
KAB WONOGIRI,Agustus,2.38,2024,8/1/2024
KAB WONOGIRI,September,1.55,2024,9/1/2024
KAB WONOGIRI,Oktober,1.87,2024,10/1/2024
KAB WONOGIRI,November,0.73,2024,11/1/2024
KAB WONOGIRI,Desember,2.13,2024,12/1/2024
KAB WONOSOBO,Januari,9.83,2024,1/1/2024
KAB WONOSOBO,Februari,11.25,2024,2/1/2024
KAB WONOSOBO,Maret,13.35,2024,3/1/2024
KAB WONOSOBO,April,12.4,2024,4/1/2024
KAB WONOSOBO,Mei,8.31,2024,5/1/2024
KAB WONOSOBO,Juni,5.34,2024,6/1/2024
KAB WONOSOBO,Juli,4.1,2024,7/1/2024
KAB WONOSOBO,Agustus,2.17,2024,8/1/2024
KAB WONOSOBO,September,2.22,2024,9/1/2024
KAB WONOSOBO,Oktober,2.67,2024,10/1/2024
KAB WONOSOBO,November,0.23,2024,11/1/2024
KAB WONOSOBO,Desember,1.65,2024,12/1/2024
KOTA AMBON,Januari,4.32,2024,1/1/2024
KOTA AMBON,Februari,4.4,2024,2/1/2024
KOTA AMBON,Maret,4.22,2024,3/1/2024
KOTA AMBON,April,4.93,2024,4/1/2024
KOTA AMBON,Mei,10.03,2024,5/1/2024
KOTA AMBON,Juni,10.6,2024,6/1/2024
KOTA AMBON,Juli,6.55,2024,7/1/2024
KOTA AMBON,Agustus,6.62,2024,8/1/2024
KOTA AMBON,September,2.22,2024,9/1/2024
KOTA AMBON,Oktober,1.11,2024,10/1/2024
KOTA AMBON,November,3.65,2024,11/1/2024
KOTA AMBON,Desember,1.81,2024,12/1/2024
KOTA BALIKPAPAN,Januari,5.87,2024,1/1/2024
KOTA BALIKPAPAN,Februari,5.71,2024,2/1/2024
KOTA BALIKPAPAN,Maret,6.82,2024,3/1/2024
KOTA BALIKPAPAN,April,7.2,2024,4/1/2024
KOTA BALIKPAPAN,Mei,6.39,2024,5/1/2024
KOTA BALIKPAPAN,Juni,6.84,2024,6/1/2024
KOTA BALIKPAPAN,Juli,5.68,2024,7/1/2024
KOTA BALIKPAPAN,Agustus,5.67,2024,8/1/2024
KOTA BALIKPAPAN,September,6.24,2024,9/1/2024
KOTA BALIKPAPAN,Oktober,3.7,2024,10/1/2024
KOTA BALIKPAPAN,November,2.52,2024,11/1/2024
KOTA BALIKPAPAN,Desember,3.1,2024,12/1/2024
KOTA BANDA ACEH,Januari,4.65,2024,1/1/2024
KOTA BANDA ACEH,Februari,4.65,2024,2/1/2024
KOTA BANDA ACEH,Maret,7.14,2024,3/1/2024
KOTA BANDA ACEH,April,5.52,2024,4/1/2024
KOTA BANDA ACEH,Mei,6.58,2024,5/1/2024
KOTA BANDA ACEH,Juni,4.13,2024,6/1/2024
KOTA BANDA ACEH,Juli,0.4,2024,7/1/2024
KOTA BANDA ACEH,Agustus,1.71,2024,8/1/2024
KOTA BANDA ACEH,September,-0.05,2024,9/1/2024
KOTA BANDA ACEH,Oktober,1.49,2024,10/1/2024
KOTA BANDA ACEH,November,1.83,2024,11/1/2024
KOTA BANDA ACEH,Desember,1.93,2024,12/1/2024
KOTA BANDAR LAMPUNG,Januari,5.1,2024,1/1/2024
KOTA BANDAR LAMPUNG,Februari,7.01,2024,2/1/2024
KOTA BANDAR LAMPUNG,Maret,7.23,2024,3/1/2024
KOTA BANDAR LAMPUNG,April,6.32,2024,4/1/2024
KOTA BANDAR LAMPUNG,Mei,5.84,2024,5/1/2024
KOTA BANDAR LAMPUNG,Juni,4.9,2024,6/1/2024
KOTA BANDAR LAMPUNG,Juli,4.35,2024,7/1/2024
KOTA BANDAR LAMPUNG,Agustus,3.1,2024,8/1/2024
KOTA BANDAR LAMPUNG,September,0.94,2024,9/1/2024
KOTA BANDAR LAMPUNG,Oktober,0.79,2024,10/1/2024
KOTA BANDAR LAMPUNG,November,-1.43,2024,11/1/2024
KOTA BANDAR LAMPUNG,Desember,-0.21,2024,12/1/2024
KOTA BANDUNG,Januari,5.76,2024,1/1/2024
KOTA BANDUNG,Februari,6.46,2024,2/1/2024
KOTA BANDUNG,Maret,7.43,2024,3/1/2024
KOTA BANDUNG,April,6.52,2024,4/1/2024
KOTA BANDUNG,Mei,5.54,2024,5/1/2024
KOTA BANDUNG,Juni,4.66,2024,6/1/2024
KOTA BANDUNG,Juli,3.14,2024,7/1/2024
KOTA BANDUNG,Agustus,2.86,2024,8/1/2024
KOTA BANDUNG,September,1.45,2024,9/1/2024
KOTA BANDUNG,Oktober,1.91,2024,10/1/2024
KOTA BANDUNG,November,0.96,2024,11/1/2024
KOTA BANDUNG,Desember,1.18,2024,12/1/2024
KOTA BANJARMASIN,Januari,2.34,2024,1/1/2024
KOTA BANJARMASIN,Februari,2.77,2024,2/1/2024
KOTA BANJARMASIN,Maret,4.4,2024,3/1/2024
KOTA BANJARMASIN,April,3.82,2024,4/1/2024
KOTA BANJARMASIN,Mei,2.97,2024,5/1/2024
KOTA BANJARMASIN,Juni,2.2,2024,6/1/2024
KOTA BANJARMASIN,Juli,2.02,2024,7/1/2024
KOTA BANJARMASIN,Agustus,1.06,2024,8/1/2024
KOTA BANJARMASIN,September,1.01,2024,9/1/2024
KOTA BANJARMASIN,Oktober,-0.03,2024,10/1/2024
KOTA BANJARMASIN,November,-0.14,2024,11/1/2024
KOTA BANJARMASIN,Desember,-0.05,2024,12/1/2024
KOTA BATAM,Januari,7.52,2024,1/1/2024
KOTA BATAM,Februari,4.11,2024,2/1/2024
KOTA BATAM,Maret,7.33,2024,3/1/2024
KOTA BATAM,April,6.38,2024,4/1/2024
KOTA BATAM,Mei,8.3,2024,5/1/2024
KOTA BATAM,Juni,7.36,2024,6/1/2024
KOTA BATAM,Juli,5.08,2024,7/1/2024
KOTA BATAM,Agustus,3.16,2024,8/1/2024
KOTA BATAM,September,3.42,2024,9/1/2024
KOTA BATAM,Oktober,2.39,2024,10/1/2024
KOTA BATAM,November,0.68,2024,11/1/2024
KOTA BATAM,Desember,1.92,2024,12/1/2024
KOTA BAU BAU,Januari,12.18,2024,1/1/2024
KOTA BAU BAU,Februari,10.71,2024,2/1/2024
KOTA BAU BAU,Maret,7.02,2024,3/1/2024
KOTA BAU BAU,April,8.12,2024,4/1/2024
KOTA BAU BAU,Mei,6.6,2024,5/1/2024
KOTA BAU BAU,Juni,7.29,2024,6/1/2024
KOTA BAU BAU,Juli,3.09,2024,7/1/2024
KOTA BAU BAU,Agustus,3.42,2024,8/1/2024
KOTA BAU BAU,September,-0.43,2024,9/1/2024
KOTA BAU BAU,Oktober,-0.03,2024,10/1/2024
KOTA BAU BAU,November,1.46,2024,11/1/2024
KOTA BAU BAU,Desember,3.38,2024,12/1/2024
KOTA BEKASI,Januari,6.8,2024,1/1/2024
KOTA BEKASI,Februari,8.3,2024,2/1/2024
KOTA BEKASI,Maret,10.7,2024,3/1/2024
KOTA BEKASI,April,8.99,2024,4/1/2024
KOTA BEKASI,Mei,8.08,2024,5/1/2024
KOTA BEKASI,Juni,7.78,2024,6/1/2024
KOTA BEKASI,Juli,7.32,2024,7/1/2024
KOTA BEKASI,Agustus,6.66,2024,8/1/2024
KOTA BEKASI,September,4.81,2024,9/1/2024
KOTA BEKASI,Oktober,3.05,2024,10/1/2024
KOTA BEKASI,November,1.24,2024,11/1/2024
KOTA BEKASI,Desember,1.15,2024,12/1/2024
KOTA BENGKULU,Januari,6.24,2024,1/1/2024
KOTA BENGKULU,Februari,8.9,2024,2/1/2024
KOTA BENGKULU,Maret,8.99,2024,3/1/2024
KOTA BENGKULU,April,9.68,2024,4/1/2024
KOTA BENGKULU,Mei,9.2,2024,5/1/2024
KOTA BENGKULU,Juni,7.86,2024,6/1/2024
KOTA BENGKULU,Juli,4.45,2024,7/1/2024
KOTA BENGKULU,Agustus,4.77,2024,8/1/2024
KOTA BENGKULU,September,2.61,2024,9/1/2024
KOTA BENGKULU,Oktober,1.04,2024,10/1/2024
KOTA BENGKULU,November,-0.84,2024,11/1/2024
KOTA BENGKULU,Desember,-0.36,2024,12/1/2024
KOTA BIMA,Januari,5.01,2024,1/1/2024
KOTA BIMA,Februari,4.66,2024,2/1/2024
KOTA BIMA,Maret,7.31,2024,3/1/2024
KOTA BIMA,April,6.48,2024,4/1/2024
KOTA BIMA,Mei,5.38,2024,5/1/2024
KOTA BIMA,Juni,3.5,2024,6/1/2024
KOTA BIMA,Juli,2.6,2024,7/1/2024
KOTA BIMA,Agustus,2.98,2024,8/1/2024
KOTA BIMA,September,1.16,2024,9/1/2024
KOTA BIMA,Oktober,1.09,2024,10/1/2024
KOTA BIMA,November,1.17,2024,11/1/2024
KOTA BIMA,Desember,0.47,2024,12/1/2024
KOTA BOGOR,Januari,5.76,2024,1/1/2024
KOTA BOGOR,Februari,7.27,2024,2/1/2024
KOTA BOGOR,Maret,8.9,2024,3/1/2024
KOTA BOGOR,April,8.27,2024,4/1/2024
KOTA BOGOR,Mei,6.3,2024,5/1/2024
KOTA BOGOR,Juni,4.53,2024,6/1/2024
KOTA BOGOR,Juli,2.82,2024,7/1/2024
KOTA BOGOR,Agustus,2.77,2024,8/1/2024
KOTA BOGOR,September,1.87,2024,9/1/2024
KOTA BOGOR,Oktober,1.93,2024,10/1/2024
KOTA BOGOR,November,0.24,2024,11/1/2024
KOTA BOGOR,Desember,1.32,2024,12/1/2024
KOTA BUKITTINGGI,Januari,1.6,2024,1/1/2024
KOTA BUKITTINGGI,Februari,4.83,2024,2/1/2024
KOTA BUKITTINGGI,Maret,9.12,2024,3/1/2024
KOTA BUKITTINGGI,April,9.5,2024,4/1/2024
KOTA BUKITTINGGI,Mei,9.54,2024,5/1/2024
KOTA BUKITTINGGI,Juni,9.7,2024,6/1/2024
KOTA BUKITTINGGI,Juli,6.07,2024,7/1/2024
KOTA BUKITTINGGI,Agustus,5.19,2024,8/1/2024
KOTA BUKITTINGGI,September,2.1,2024,9/1/2024
KOTA BUKITTINGGI,Oktober,2.59,2024,10/1/2024
KOTA BUKITTINGGI,November,0.09,2024,11/1/2024
KOTA BUKITTINGGI,Desember,0.94,2024,12/1/2024
KOTA CILEGON,Januari,4.82,2024,1/1/2024
KOTA CILEGON,Februari,6.92,2024,2/1/2024
KOTA CILEGON,Maret,7.47,2024,3/1/2024
KOTA CILEGON,April,7.71,2024,4/1/2024
KOTA CILEGON,Mei,6.3,2024,5/1/2024
KOTA CILEGON,Juni,3.91,2024,6/1/2024
KOTA CILEGON,Juli,2.35,2024,7/1/2024
KOTA CILEGON,Agustus,2.36,2024,8/1/2024
KOTA CILEGON,September,0.47,2024,9/1/2024
KOTA CILEGON,Oktober,1.01,2024,10/1/2024
KOTA CILEGON,November,-0.41,2024,11/1/2024
KOTA CILEGON,Desember,-0.68,2024,12/1/2024
KOTA CIREBON,Januari,4.33,2024,1/1/2024
KOTA CIREBON,Februari,5.96,2024,2/1/2024
KOTA CIREBON,Maret,7.79,2024,3/1/2024
KOTA CIREBON,April,6.78,2024,4/1/2024
KOTA CIREBON,Mei,4.28,2024,5/1/2024
KOTA CIREBON,Juni,2.27,2024,6/1/2024
KOTA CIREBON,Juli,1.05,2024,7/1/2024
KOTA CIREBON,Agustus,1.18,2024,8/1/2024
KOTA CIREBON,September,-0.55,2024,9/1/2024
KOTA CIREBON,Oktober,-0.01,2024,10/1/2024
KOTA CIREBON,November,-0.14,2024,11/1/2024
KOTA CIREBON,Desember,0.45,2024,12/1/2024
KOTA DENPASAR,Januari,4.48,2024,1/1/2024
KOTA DENPASAR,Februari,6.87,2024,2/1/2024
KOTA DENPASAR,Maret,8.27,2024,3/1/2024
KOTA DENPASAR,April,9.26,2024,4/1/2024
KOTA DENPASAR,Mei,6.11,2024,5/1/2024
KOTA DENPASAR,Juni,4.26,2024,6/1/2024
KOTA DENPASAR,Juli,3.69,2024,7/1/2024
KOTA DENPASAR,Agustus,2.55,2024,8/1/2024
KOTA DENPASAR,September,2.07,2024,9/1/2024
KOTA DENPASAR,Oktober,2.56,2024,10/1/2024
KOTA DENPASAR,November,1.65,2024,11/1/2024
KOTA DENPASAR,Desember,1.55,2024,12/1/2024
KOTA DEPOK,Januari,4.87,2024,1/1/2024
KOTA DEPOK,Februari,5.48,2024,2/1/2024
KOTA DEPOK,Maret,7.2,2024,3/1/2024
KOTA DEPOK,April,6.04,2024,4/1/2024
KOTA DEPOK,Mei,4.5,2024,5/1/2024
KOTA DEPOK,Juni,3.56,2024,6/1/2024
KOTA DEPOK,Juli,2.27,2024,7/1/2024
KOTA DEPOK,Agustus,1.89,2024,8/1/2024
KOTA DEPOK,September,1.38,2024,9/1/2024
KOTA DEPOK,Oktober,0.75,2024,10/1/2024
KOTA DEPOK,November,0.36,2024,11/1/2024
KOTA DEPOK,Desember,0.52,2024,12/1/2024
KOTA DUMAI,Januari,1.4,2024,1/1/2024
KOTA DUMAI,Februari,4.02,2024,2/1/2024
KOTA DUMAI,Maret,8.08,2024,3/1/2024
KOTA DUMAI,April,7.75,2024,4/1/2024
KOTA DUMAI,Mei,9.22,2024,5/1/2024
KOTA DUMAI,Juni,7.91,2024,6/1/2024
KOTA DUMAI,Juli,3.13,2024,7/1/2024
KOTA DUMAI,Agustus,3.01,2024,8/1/2024
KOTA DUMAI,September,0.55,2024,9/1/2024
KOTA DUMAI,Oktober,1.64,2024,10/1/2024
KOTA DUMAI,November,0.24,2024,11/1/2024
KOTA DUMAI,Desember,3.04,2024,12/1/2024
KOTA GORONTALO,Januari,5.06,2024,1/1/2024
KOTA GORONTALO,Februari,1.5,2024,2/1/2024
KOTA GORONTALO,Maret,4.33,2024,3/1/2024
KOTA GORONTALO,April,7.32,2024,4/1/2024
KOTA GORONTALO,Mei,7.54,2024,5/1/2024
KOTA GORONTALO,Juni,4.57,2024,6/1/2024
KOTA GORONTALO,Juli,1.53,2024,7/1/2024
KOTA GORONTALO,Agustus,1.48,2024,8/1/2024
KOTA GORONTALO,September,4.88,2024,9/1/2024
KOTA GORONTALO,Oktober,-1.47,2024,10/1/2024
KOTA GORONTALO,November,-4.66,2024,11/1/2024
KOTA GORONTALO,Desember,-8.56,2024,12/1/2024
KOTA GUNUNGSITOLI,Januari,-0.64,2024,1/1/2024
KOTA GUNUNGSITOLI,Februari,3.72,2024,2/1/2024
KOTA GUNUNGSITOLI,Maret,6.56,2024,3/1/2024
KOTA GUNUNGSITOLI,April,6.68,2024,4/1/2024
KOTA GUNUNGSITOLI,Mei,6.06,2024,5/1/2024
KOTA GUNUNGSITOLI,Juni,6.27,2024,6/1/2024
KOTA GUNUNGSITOLI,Juli,2.8,2024,7/1/2024
KOTA GUNUNGSITOLI,Agustus,4.08,2024,8/1/2024
KOTA GUNUNGSITOLI,September,3.45,2024,9/1/2024
KOTA GUNUNGSITOLI,Oktober,3.22,2024,10/1/2024
KOTA GUNUNGSITOLI,November,1.48,2024,11/1/2024
KOTA GUNUNGSITOLI,Desember,4.1,2024,12/1/2024
KOTA JAKARTA,Januari,5.72,2024,1/1/2024
KOTA JAKARTA,Februari,6.86,2024,2/1/2024
KOTA JAKARTA,Maret,8.1,2024,3/1/2024
KOTA JAKARTA,April,7.26,2024,4/1/2024
KOTA JAKARTA,Mei,5.66,2024,5/1/2024
KOTA JAKARTA,Juni,5.23,2024,6/1/2024
KOTA JAKARTA,Juli,3.52,2024,7/1/2024
KOTA JAKARTA,Agustus,3.42,2024,8/1/2024
KOTA JAKARTA,September,1.92,2024,9/1/2024
KOTA JAKARTA,Oktober,2,2024,10/1/2024
KOTA JAKARTA,November,1.45,2024,11/1/2024
KOTA JAKARTA,Desember,1.2,2024,12/1/2024
KOTA JAMBI,Januari,6.43,2024,1/1/2024
KOTA JAMBI,Februari,8.62,2024,2/1/2024
KOTA JAMBI,Maret,9.83,2024,3/1/2024
KOTA JAMBI,April,9.43,2024,4/1/2024
KOTA JAMBI,Mei,10.18,2024,5/1/2024
KOTA JAMBI,Juni,7.85,2024,6/1/2024
KOTA JAMBI,Juli,3,2024,7/1/2024
KOTA JAMBI,Agustus,4.12,2024,8/1/2024
KOTA JAMBI,September,2.59,2024,9/1/2024
KOTA JAMBI,Oktober,1.9,2024,10/1/2024
KOTA JAMBI,November,0.84,2024,11/1/2024
KOTA JAMBI,Desember,2.05,2024,12/1/2024
KOTA JAYAPURA,Januari,0.46,2024,1/1/2024
KOTA JAYAPURA,Februari,2.7,2024,2/1/2024
KOTA JAYAPURA,Maret,2.27,2024,3/1/2024
KOTA JAYAPURA,April,2.34,2024,4/1/2024
KOTA JAYAPURA,Mei,3.45,2024,5/1/2024
KOTA JAYAPURA,Juni,2.69,2024,6/1/2024
KOTA JAYAPURA,Juli,1.8,2024,7/1/2024
KOTA JAYAPURA,Agustus,2.56,2024,8/1/2024
KOTA JAYAPURA,September,1.87,2024,9/1/2024
KOTA JAYAPURA,Oktober,1.84,2024,10/1/2024
KOTA JAYAPURA,November,6.12,2024,11/1/2024
KOTA JAYAPURA,Desember,3.93,2024,12/1/2024
KOTA KEDIRI,Januari,5.82,2024,1/1/2024
KOTA KEDIRI,Februari,7.61,2024,2/1/2024
KOTA KEDIRI,Maret,9.58,2024,3/1/2024
KOTA KEDIRI,April,8.87,2024,4/1/2024
KOTA KEDIRI,Mei,6,2024,5/1/2024
KOTA KEDIRI,Juni,3.2,2024,6/1/2024
KOTA KEDIRI,Juli,2.36,2024,7/1/2024
KOTA KEDIRI,Agustus,1.71,2024,8/1/2024
KOTA KEDIRI,September,-0.33,2024,9/1/2024
KOTA KEDIRI,Oktober,0.07,2024,10/1/2024
KOTA KEDIRI,November,-0.89,2024,11/1/2024
KOTA KEDIRI,Desember,1.24,2024,12/1/2024
KOTA KENDARI,Januari,2.32,2024,1/1/2024
KOTA KENDARI,Februari,3.72,2024,2/1/2024
KOTA KENDARI,Maret,6.68,2024,3/1/2024
KOTA KENDARI,April,6.99,2024,4/1/2024
KOTA KENDARI,Mei,6.39,2024,5/1/2024
KOTA KENDARI,Juni,6.74,2024,6/1/2024
KOTA KENDARI,Juli,4.98,2024,7/1/2024
KOTA KENDARI,Agustus,3.51,2024,8/1/2024
KOTA KENDARI,September,1.69,2024,9/1/2024
KOTA KENDARI,Oktober,0.09,2024,10/1/2024
KOTA KENDARI,November,1.26,2024,11/1/2024
KOTA KENDARI,Desember,2.01,2024,12/1/2024
KOTA KOTAMOBAGU,Januari,8.01,2024,1/1/2024
KOTA KOTAMOBAGU,Februari,7.02,2024,2/1/2024
KOTA KOTAMOBAGU,Maret,10.36,2024,3/1/2024
KOTA KOTAMOBAGU,April,15.21,2024,4/1/2024
KOTA KOTAMOBAGU,Mei,12.45,2024,5/1/2024
KOTA KOTAMOBAGU,Juni,15.73,2024,6/1/2024
KOTA KOTAMOBAGU,Juli,12.08,2024,7/1/2024
KOTA KOTAMOBAGU,Agustus,13.27,2024,8/1/2024
KOTA KOTAMOBAGU,September,17.85,2024,9/1/2024
KOTA KOTAMOBAGU,Oktober,12.95,2024,10/1/2024
KOTA KOTAMOBAGU,November,9.21,2024,11/1/2024
KOTA KOTAMOBAGU,Desember,1.59,2024,12/1/2024
KOTA KUPANG,Januari,0.72,2024,1/1/2024
KOTA KUPANG,Februari,4.78,2024,2/1/2024
KOTA KUPANG,Maret,4.04,2024,3/1/2024
KOTA KUPANG,April,5.39,2024,4/1/2024
KOTA KUPANG,Mei,4.12,2024,5/1/2024
KOTA KUPANG,Juni,3.21,2024,6/1/2024
KOTA KUPANG,Juli,2.29,2024,7/1/2024
KOTA KUPANG,Agustus,3.47,2024,8/1/2024
KOTA KUPANG,September,3.15,2024,9/1/2024
KOTA KUPANG,Oktober,2.89,2024,10/1/2024
KOTA KUPANG,November,1.76,2024,11/1/2024
KOTA KUPANG,Desember,1.98,2024,12/1/2024
KOTA LHOKSEUMAWE,Januari,1.21,2024,1/1/2024
KOTA LHOKSEUMAWE,Februari,2.28,2024,2/1/2024
KOTA LHOKSEUMAWE,Maret,6.57,2024,3/1/2024
KOTA LHOKSEUMAWE,April,7.97,2024,4/1/2024
KOTA LHOKSEUMAWE,Mei,6.26,2024,5/1/2024
KOTA LHOKSEUMAWE,Juni,6.4,2024,6/1/2024
KOTA LHOKSEUMAWE,Juli,2.89,2024,7/1/2024
KOTA LHOKSEUMAWE,Agustus,3.47,2024,8/1/2024
KOTA LHOKSEUMAWE,September,2.57,2024,9/1/2024
KOTA LHOKSEUMAWE,Oktober,1.36,2024,10/1/2024
KOTA LHOKSEUMAWE,November,0.85,2024,11/1/2024
KOTA LHOKSEUMAWE,Desember,4.54,2024,12/1/2024
KOTA LUBUK LINGGAU,Januari,4.2,2024,1/1/2024
KOTA LUBUK LINGGAU,Februari,5.38,2024,2/1/2024
KOTA LUBUK LINGGAU,Maret,5.98,2024,3/1/2024
KOTA LUBUK LINGGAU,April,5.63,2024,4/1/2024
KOTA LUBUK LINGGAU,Mei,5.14,2024,5/1/2024
KOTA LUBUK LINGGAU,Juni,3.63,2024,6/1/2024
KOTA LUBUK LINGGAU,Juli,0.8,2024,7/1/2024
KOTA LUBUK LINGGAU,Agustus,0.07,2024,8/1/2024
KOTA LUBUK LINGGAU,September,-1.01,2024,9/1/2024
KOTA LUBUK LINGGAU,Oktober,-1.85,2024,10/1/2024
KOTA LUBUK LINGGAU,November,-2.78,2024,11/1/2024
KOTA LUBUK LINGGAU,Desember,-1.33,2024,12/1/2024
KOTA MADIUN,Januari,4.95,2024,1/1/2024
KOTA MADIUN,Februari,7.07,2024,2/1/2024
KOTA MADIUN,Maret,9.16,2024,3/1/2024
KOTA MADIUN,April,8.06,2024,4/1/2024
KOTA MADIUN,Mei,5.57,2024,5/1/2024
KOTA MADIUN,Juni,2.85,2024,6/1/2024
KOTA MADIUN,Juli,2.26,2024,7/1/2024
KOTA MADIUN,Agustus,2.05,2024,8/1/2024
KOTA MADIUN,September,0.6,2024,9/1/2024
KOTA MADIUN,Oktober,0.96,2024,10/1/2024
KOTA MADIUN,November,0.18,2024,11/1/2024
KOTA MADIUN,Desember,1.07,2024,12/1/2024
KOTA MAKASSAR,Januari,3.94,2024,1/1/2024
KOTA MAKASSAR,Februari,6.43,2024,2/1/2024
KOTA MAKASSAR,Maret,5.3,2024,3/1/2024
KOTA MAKASSAR,April,5.25,2024,4/1/2024
KOTA MAKASSAR,Mei,4.37,2024,5/1/2024
KOTA MAKASSAR,Juni,3.22,2024,6/1/2024
KOTA MAKASSAR,Juli,2.58,2024,7/1/2024
KOTA MAKASSAR,Agustus,2.78,2024,8/1/2024
KOTA MAKASSAR,September,2.21,2024,9/1/2024
KOTA MAKASSAR,Oktober,0.76,2024,10/1/2024
KOTA MAKASSAR,November,0.36,2024,11/1/2024
KOTA MAKASSAR,Desember,-0.44,2024,12/1/2024
KOTA MALANG,Januari,5.86,2024,1/1/2024
KOTA MALANG,Februari,7.62,2024,2/1/2024
KOTA MALANG,Maret,8.59,2024,3/1/2024
KOTA MALANG,April,8.33,2024,4/1/2024
KOTA MALANG,Mei,6.1,2024,5/1/2024
KOTA MALANG,Juni,3.83,2024,6/1/2024
KOTA MALANG,Juli,2.99,2024,7/1/2024
KOTA MALANG,Agustus,2.41,2024,8/1/2024
KOTA MALANG,September,1.68,2024,9/1/2024
KOTA MALANG,Oktober,1.49,2024,10/1/2024
KOTA MALANG,November,-0.01,2024,11/1/2024
KOTA MALANG,Desember,0.65,2024,12/1/2024
KOTA MANADO,Januari,9.78,2024,1/1/2024
KOTA MANADO,Februari,9.58,2024,2/1/2024
KOTA MANADO,Maret,10.08,2024,3/1/2024
KOTA MANADO,April,10.04,2024,4/1/2024
KOTA MANADO,Mei,11.07,2024,5/1/2024
KOTA MANADO,Juni,11.48,2024,6/1/2024
KOTA MANADO,Juli,11.06,2024,7/1/2024
KOTA MANADO,Agustus,11.6,2024,8/1/2024
KOTA MANADO,September,11.36,2024,9/1/2024
KOTA MANADO,Oktober,5.53,2024,10/1/2024
KOTA MANADO,November,4.97,2024,11/1/2024
KOTA MANADO,Desember,1.71,2024,12/1/2024
KOTA MATARAM,Januari,4.78,2024,1/1/2024
KOTA MATARAM,Februari,5.62,2024,2/1/2024
KOTA MATARAM,Maret,8.5,2024,3/1/2024
KOTA MATARAM,April,7.8,2024,4/1/2024
KOTA MATARAM,Mei,6.83,2024,5/1/2024
KOTA MATARAM,Juni,4.67,2024,6/1/2024
KOTA MATARAM,Juli,3.4,2024,7/1/2024
KOTA MATARAM,Agustus,3.3,2024,8/1/2024
KOTA MATARAM,September,1.05,2024,9/1/2024
KOTA MATARAM,Oktober,0.31,2024,10/1/2024
KOTA MATARAM,November,1.27,2024,11/1/2024
KOTA MATARAM,Desember,2.07,2024,12/1/2024
KOTA MEDAN,Januari,2.58,2024,1/1/2024
KOTA MEDAN,Februari,5.7,2024,2/1/2024
KOTA MEDAN,Maret,10.04,2024,3/1/2024
KOTA MEDAN,April,10.95,2024,4/1/2024
KOTA MEDAN,Mei,12.25,2024,5/1/2024
KOTA MEDAN,Juni,8.47,2024,6/1/2024
KOTA MEDAN,Juli,5.31,2024,7/1/2024
KOTA MEDAN,Agustus,4.23,2024,8/1/2024
KOTA MEDAN,September,2.52,2024,9/1/2024
KOTA MEDAN,Oktober,3.72,2024,10/1/2024
KOTA MEDAN,November,3.4,2024,11/1/2024
KOTA MEDAN,Desember,4.07,2024,12/1/2024
KOTA METRO,Januari,6.49,2024,1/1/2024
KOTA METRO,Februari,8.18,2024,2/1/2024
KOTA METRO,Maret,10.82,2024,3/1/2024
KOTA METRO,April,9.25,2024,4/1/2024
KOTA METRO,Mei,6.75,2024,5/1/2024
KOTA METRO,Juni,6.49,2024,6/1/2024
KOTA METRO,Juli,4.89,2024,7/1/2024
KOTA METRO,Agustus,4.78,2024,8/1/2024
KOTA METRO,September,3.37,2024,9/1/2024
KOTA METRO,Oktober,2.29,2024,10/1/2024
KOTA METRO,November,-0.71,2024,11/1/2024
KOTA METRO,Desember,0.38,2024,12/1/2024
KOTA PADANG,Januari,4.43,2024,1/1/2024
KOTA PADANG,Februari,6.13,2024,2/1/2024
KOTA PADANG,Maret,9.3,2024,3/1/2024
KOTA PADANG,April,7.47,2024,4/1/2024
KOTA PADANG,Mei,10.46,2024,5/1/2024
KOTA PADANG,Juni,9.11,2024,6/1/2024
KOTA PADANG,Juli,3.98,2024,7/1/2024
KOTA PADANG,Agustus,3.1,2024,8/1/2024
KOTA PADANG,September,0.15,2024,9/1/2024
KOTA PADANG,Oktober,0.75,2024,10/1/2024
KOTA PADANG,November,-1.87,2024,11/1/2024
KOTA PADANG,Desember,-0.67,2024,12/1/2024
KOTA PADANGSIDIMPUAN,Januari,4.39,2024,1/1/2024
KOTA PADANGSIDIMPUAN,Februari,5.07,2024,2/1/2024
KOTA PADANGSIDIMPUAN,Maret,9.3,2024,3/1/2024
KOTA PADANGSIDIMPUAN,April,10.86,2024,4/1/2024
KOTA PADANGSIDIMPUAN,Mei,10.78,2024,5/1/2024
KOTA PADANGSIDIMPUAN,Juni,9.46,2024,6/1/2024
KOTA PADANGSIDIMPUAN,Juli,4.47,2024,7/1/2024
KOTA PADANGSIDIMPUAN,Agustus,3.24,2024,8/1/2024
KOTA PADANGSIDIMPUAN,September,-0.63,2024,9/1/2024
KOTA PADANGSIDIMPUAN,Oktober,0.94,2024,10/1/2024
KOTA PADANGSIDIMPUAN,November,1.42,2024,11/1/2024
KOTA PADANGSIDIMPUAN,Desember,3.05,2024,12/1/2024
KOTA PALANGKARAYA,Januari,7.77,2024,1/1/2024
KOTA PALANGKARAYA,Februari,5.85,2024,2/1/2024
KOTA PALANGKARAYA,Maret,6.46,2024,3/1/2024
KOTA PALANGKARAYA,April,7.29,2024,4/1/2024
KOTA PALANGKARAYA,Mei,6.72,2024,5/1/2024
KOTA PALANGKARAYA,Juni,5.45,2024,6/1/2024
KOTA PALANGKARAYA,Juli,2.76,2024,7/1/2024
KOTA PALANGKARAYA,Agustus,1.82,2024,8/1/2024
KOTA PALANGKARAYA,September,1.86,2024,9/1/2024
KOTA PALANGKARAYA,Oktober,0.63,2024,10/1/2024
KOTA PALANGKARAYA,November,0.92,2024,11/1/2024
KOTA PALANGKARAYA,Desember,0.77,2024,12/1/2024
KOTA PALEMBANG,Januari,6.67,2024,1/1/2024
KOTA PALEMBANG,Februari,7.83,2024,2/1/2024
KOTA PALEMBANG,Maret,9.35,2024,3/1/2024
KOTA PALEMBANG,April,9.42,2024,4/1/2024
KOTA PALEMBANG,Mei,8.82,2024,5/1/2024
KOTA PALEMBANG,Juni,6.39,2024,6/1/2024
KOTA PALEMBANG,Juli,2.83,2024,7/1/2024
KOTA PALEMBANG,Agustus,1.97,2024,8/1/2024
KOTA PALEMBANG,September,-0.07,2024,9/1/2024
KOTA PALEMBANG,Oktober,-0.27,2024,10/1/2024
KOTA PALEMBANG,November,-1.05,2024,11/1/2024
KOTA PALEMBANG,Desember,0.73,2024,12/1/2024
KOTA PALOPO,Januari,5.04,2024,1/1/2024
KOTA PALOPO,Februari,7.21,2024,2/1/2024
KOTA PALOPO,Maret,7.3,2024,3/1/2024
KOTA PALOPO,April,8.35,2024,4/1/2024
KOTA PALOPO,Mei,6.04,2024,5/1/2024
KOTA PALOPO,Juni,5.3,2024,6/1/2024
KOTA PALOPO,Juli,4.35,2024,7/1/2024
KOTA PALOPO,Agustus,4.37,2024,8/1/2024
KOTA PALOPO,September,4.39,2024,9/1/2024
KOTA PALOPO,Oktober,3.5,2024,10/1/2024
KOTA PALOPO,November,4.11,2024,11/1/2024
KOTA PALOPO,Desember,3.75,2024,12/1/2024
KOTA PALU,Januari,5.82,2024,1/1/2024
KOTA PALU,Februari,7.21,2024,2/1/2024
KOTA PALU,Maret,7.79,2024,3/1/2024
KOTA PALU,April,6.07,2024,4/1/2024
KOTA PALU,Mei,5.66,2024,5/1/2024
KOTA PALU,Juni,6.05,2024,6/1/2024
KOTA PALU,Juli,3.44,2024,7/1/2024
KOTA PALU,Agustus,2.59,2024,8/1/2024
KOTA PALU,September,2.38,2024,9/1/2024
KOTA PALU,Oktober,0.44,2024,10/1/2024
KOTA PALU,November,-2.07,2024,11/1/2024
KOTA PALU,Desember,-0.8,2024,12/1/2024
KOTA PANGKAL PINANG,Januari,3.33,2024,1/1/2024
KOTA PANGKAL PINANG,Februari,5.98,2024,2/1/2024
KOTA PANGKAL PINANG,Maret,6.33,2024,3/1/2024
KOTA PANGKAL PINANG,April,5.56,2024,4/1/2024
KOTA PANGKAL PINANG,Mei,4.1,2024,5/1/2024
KOTA PANGKAL PINANG,Juni,3.18,2024,6/1/2024
KOTA PANGKAL PINANG,Juli,2.05,2024,7/1/2024
KOTA PANGKAL PINANG,Agustus,1.48,2024,8/1/2024
KOTA PANGKAL PINANG,September,-1.16,2024,9/1/2024
KOTA PANGKAL PINANG,Oktober,-1.19,2024,10/1/2024
KOTA PANGKAL PINANG,November,-1.38,2024,11/1/2024
KOTA PANGKAL PINANG,Desember,-0.55,2024,12/1/2024
KOTA PARE PARE,Januari,7.33,2024,1/1/2024
KOTA PARE PARE,Februari,7.84,2024,2/1/2024
KOTA PARE PARE,Maret,5.39,2024,3/1/2024
KOTA PARE PARE,April,4.23,2024,4/1/2024
KOTA PARE PARE,Mei,4.56,2024,5/1/2024
KOTA PARE PARE,Juni,5.45,2024,6/1/2024
KOTA PARE PARE,Juli,3.2,2024,7/1/2024
KOTA PARE PARE,Agustus,2.11,2024,8/1/2024
KOTA PARE PARE,September,1.71,2024,9/1/2024
KOTA PARE PARE,Oktober,-0.22,2024,10/1/2024
KOTA PARE PARE,November,-1.84,2024,11/1/2024
KOTA PARE PARE,Desember,-0.8,2024,12/1/2024
KOTA PEKANBARU,Januari,2.37,2024,1/1/2024
KOTA PEKANBARU,Februari,3.34,2024,2/1/2024
KOTA PEKANBARU,Maret,6.92,2024,3/1/2024
KOTA PEKANBARU,April,6.79,2024,4/1/2024
KOTA PEKANBARU,Mei,7.75,2024,5/1/2024
KOTA PEKANBARU,Juni,6.88,2024,6/1/2024
KOTA PEKANBARU,Juli,2.74,2024,7/1/2024
KOTA PEKANBARU,Agustus,1.14,2024,8/1/2024
KOTA PEKANBARU,September,-1.31,2024,9/1/2024
KOTA PEKANBARU,Oktober,-1.46,2024,10/1/2024
KOTA PEKANBARU,November,-3.37,2024,11/1/2024
KOTA PEKANBARU,Desember,-2.18,2024,12/1/2024
KOTA PEMATANGSIANTAR,Januari,2.65,2024,1/1/2024
KOTA PEMATANGSIANTAR,Februari,5.14,2024,2/1/2024
KOTA PEMATANGSIANTAR,Maret,8.51,2024,3/1/2024
KOTA PEMATANGSIANTAR,April,8.87,2024,4/1/2024
KOTA PEMATANGSIANTAR,Mei,8.98,2024,5/1/2024
KOTA PEMATANGSIANTAR,Juni,4.44,2024,6/1/2024
KOTA PEMATANGSIANTAR,Juli,1.52,2024,7/1/2024
KOTA PEMATANGSIANTAR,Agustus,2.66,2024,8/1/2024
KOTA PEMATANGSIANTAR,September,2.03,2024,9/1/2024
KOTA PEMATANGSIANTAR,Oktober,3.72,2024,10/1/2024
KOTA PEMATANGSIANTAR,November,3.68,2024,11/1/2024
KOTA PEMATANGSIANTAR,Desember,3.86,2024,12/1/2024
KOTA PONTIANAK,Januari,4.2,2024,1/1/2024
KOTA PONTIANAK,Februari,4.68,2024,2/1/2024
KOTA PONTIANAK,Maret,6.3,2024,3/1/2024
KOTA PONTIANAK,April,8.24,2024,4/1/2024
KOTA PONTIANAK,Mei,8.68,2024,5/1/2024
KOTA PONTIANAK,Juni,4.48,2024,6/1/2024
KOTA PONTIANAK,Juli,2.29,2024,7/1/2024
KOTA PONTIANAK,Agustus,1.91,2024,8/1/2024
KOTA PONTIANAK,September,3.25,2024,9/1/2024
KOTA PONTIANAK,Oktober,2.59,2024,10/1/2024
KOTA PONTIANAK,November,3.45,2024,11/1/2024
KOTA PONTIANAK,Desember,3.09,2024,12/1/2024
KOTA PROBOLINGGO,Januari,3.65,2024,1/1/2024
KOTA PROBOLINGGO,Februari,5.82,2024,2/1/2024
KOTA PROBOLINGGO,Maret,6.81,2024,3/1/2024
KOTA PROBOLINGGO,April,6.44,2024,4/1/2024
KOTA PROBOLINGGO,Mei,4.56,2024,5/1/2024
KOTA PROBOLINGGO,Juni,2.11,2024,6/1/2024
KOTA PROBOLINGGO,Juli,2.63,2024,7/1/2024
KOTA PROBOLINGGO,Agustus,1.54,2024,8/1/2024
KOTA PROBOLINGGO,September,0.74,2024,9/1/2024
KOTA PROBOLINGGO,Oktober,0.37,2024,10/1/2024
KOTA PROBOLINGGO,November,-0.41,2024,11/1/2024
KOTA PROBOLINGGO,Desember,0.66,2024,12/1/2024
KOTA SAMARINDA,Januari,6.67,2024,1/1/2024
KOTA SAMARINDA,Februari,7.56,2024,2/1/2024
KOTA SAMARINDA,Maret,7.64,2024,3/1/2024
KOTA SAMARINDA,April,9.47,2024,4/1/2024
KOTA SAMARINDA,Mei,7.83,2024,5/1/2024
KOTA SAMARINDA,Juni,6.51,2024,6/1/2024
KOTA SAMARINDA,Juli,3.95,2024,7/1/2024
KOTA SAMARINDA,Agustus,3.4,2024,8/1/2024
KOTA SAMARINDA,September,2.72,2024,9/1/2024
KOTA SAMARINDA,Oktober,0.94,2024,10/1/2024
KOTA SAMARINDA,November,0.44,2024,11/1/2024
KOTA SAMARINDA,Desember,0.39,2024,12/1/2024
KOTA SEMARANG,Januari,4.82,2024,1/1/2024
KOTA SEMARANG,Februari,6.88,2024,2/1/2024
KOTA SEMARANG,Maret,9.23,2024,3/1/2024
KOTA SEMARANG,April,8.89,2024,4/1/2024
KOTA SEMARANG,Mei,6.68,2024,5/1/2024
KOTA SEMARANG,Juni,4.86,2024,6/1/2024
KOTA SEMARANG,Juli,3.4,2024,7/1/2024
KOTA SEMARANG,Agustus,2.72,2024,8/1/2024
KOTA SEMARANG,September,1.65,2024,9/1/2024
KOTA SEMARANG,Oktober,1.94,2024,10/1/2024
KOTA SEMARANG,November,0.51,2024,11/1/2024
KOTA SEMARANG,Desember,1.74,2024,12/1/2024
KOTA SERANG,Januari,3.72,2024,1/1/2024
KOTA SERANG,Februari,7.3,2024,2/1/2024
KOTA SERANG,Maret,10.17,2024,3/1/2024
KOTA SERANG,April,10.35,2024,4/1/2024
KOTA SERANG,Mei,6.38,2024,5/1/2024
KOTA SERANG,Juni,5.78,2024,6/1/2024
KOTA SERANG,Juli,3.35,2024,7/1/2024
KOTA SERANG,Agustus,2.96,2024,8/1/2024
KOTA SERANG,September,1.78,2024,9/1/2024
KOTA SERANG,Oktober,1.81,2024,10/1/2024
KOTA SERANG,November,1.7,2024,11/1/2024
KOTA SERANG,Desember,1.53,2024,12/1/2024
KOTA SIBOLGA,Januari,1.9,2024,1/1/2024
KOTA SIBOLGA,Februari,5.2,2024,2/1/2024
KOTA SIBOLGA,Maret,9.97,2024,3/1/2024
KOTA SIBOLGA,April,9.9,2024,4/1/2024
KOTA SIBOLGA,Mei,9.97,2024,5/1/2024
KOTA SIBOLGA,Juni,7.93,2024,6/1/2024
KOTA SIBOLGA,Juli,3.72,2024,7/1/2024
KOTA SIBOLGA,Agustus,2.34,2024,8/1/2024
KOTA SIBOLGA,September,-0.4,2024,9/1/2024
KOTA SIBOLGA,Oktober,0.61,2024,10/1/2024
KOTA SIBOLGA,November,3.09,2024,11/1/2024
KOTA SIBOLGA,Desember,5.04,2024,12/1/2024
KOTA SINGKAWANG,Januari,1.93,2024,1/1/2024
KOTA SINGKAWANG,Februari,4.16,2024,2/1/2024
KOTA SINGKAWANG,Maret,5.09,2024,3/1/2024
KOTA SINGKAWANG,April,4.41,2024,4/1/2024
KOTA SINGKAWANG,Mei,2.51,2024,5/1/2024
KOTA SINGKAWANG,Juni,0.77,2024,6/1/2024
KOTA SINGKAWANG,Juli,0.56,2024,7/1/2024
KOTA SINGKAWANG,Agustus,-0.07,2024,8/1/2024
KOTA SINGKAWANG,September,1.1,2024,9/1/2024
KOTA SINGKAWANG,Oktober,0.72,2024,10/1/2024
KOTA SINGKAWANG,November,1.03,2024,11/1/2024
KOTA SINGKAWANG,Desember,1.92,2024,12/1/2024
KOTA SORONG,Januari,0.2,2024,1/1/2024
KOTA SORONG,Februari,0.89,2024,2/1/2024
KOTA SORONG,Maret,-0.79,2024,3/1/2024
KOTA SORONG,April,1.95,2024,4/1/2024
KOTA SORONG,Mei,-0.6,2024,5/1/2024
KOTA SORONG,Juni,-0.28,2024,6/1/2024
KOTA SORONG,Juli,1.19,2024,7/1/2024
KOTA SORONG,Agustus,1.38,2024,8/1/2024
KOTA SORONG,September,4.19,2024,9/1/2024
KOTA SORONG,Oktober,1.13,2024,10/1/2024
KOTA SORONG,November,3.78,2024,11/1/2024
KOTA SORONG,Desember,3.02,2024,12/1/2024
KOTA SUKABUMI,Januari,5.79,2024,1/1/2024
KOTA SUKABUMI,Februari,6.61,2024,2/1/2024
KOTA SUKABUMI,Maret,8.29,2024,3/1/2024
KOTA SUKABUMI,April,7.8,2024,4/1/2024
KOTA SUKABUMI,Mei,6.51,2024,5/1/2024
KOTA SUKABUMI,Juni,4.74,2024,6/1/2024
KOTA SUKABUMI,Juli,3.64,2024,7/1/2024
KOTA SUKABUMI,Agustus,3.48,2024,8/1/2024
KOTA SUKABUMI,September,2.06,2024,9/1/2024
KOTA SUKABUMI,Oktober,2.11,2024,10/1/2024
KOTA SUKABUMI,November,1.03,2024,11/1/2024
KOTA SUKABUMI,Desember,3.66,2024,12/1/2024
KOTA SURABAYA,Januari,5.24,2024,1/1/2024
KOTA SURABAYA,Februari,7.4,2024,2/1/2024
KOTA SURABAYA,Maret,8.75,2024,3/1/2024
KOTA SURABAYA,April,8.99,2024,4/1/2024
KOTA SURABAYA,Mei,7.42,2024,5/1/2024
KOTA SURABAYA,Juni,5.11,2024,6/1/2024
KOTA SURABAYA,Juli,4.39,2024,7/1/2024
KOTA SURABAYA,Agustus,3.72,2024,8/1/2024
KOTA SURABAYA,September,2.06,2024,9/1/2024
KOTA SURABAYA,Oktober,2.13,2024,10/1/2024
KOTA SURABAYA,November,1.33,2024,11/1/2024
KOTA SURABAYA,Desember,1.87,2024,12/1/2024
KOTA SURAKARTA,Januari,7.16,2024,1/1/2024
KOTA SURAKARTA,Februari,9.06,2024,2/1/2024
KOTA SURAKARTA,Maret,10.97,2024,3/1/2024
KOTA SURAKARTA,April,11.12,2024,4/1/2024
KOTA SURAKARTA,Mei,8.49,2024,5/1/2024
KOTA SURAKARTA,Juni,5.97,2024,6/1/2024
KOTA SURAKARTA,Juli,4.26,2024,7/1/2024
KOTA SURAKARTA,Agustus,3.57,2024,8/1/2024
KOTA SURAKARTA,September,1.64,2024,9/1/2024
KOTA SURAKARTA,Oktober,1.56,2024,10/1/2024
KOTA SURAKARTA,November,-0.61,2024,11/1/2024
KOTA SURAKARTA,Desember,0.39,2024,12/1/2024
KOTA TANGERANG,Januari,6.79,2024,1/1/2024
KOTA TANGERANG,Februari,6.74,2024,2/1/2024
KOTA TANGERANG,Maret,8.9,2024,3/1/2024
KOTA TANGERANG,April,7.24,2024,4/1/2024
KOTA TANGERANG,Mei,5.63,2024,5/1/2024
KOTA TANGERANG,Juni,4.73,2024,6/1/2024
KOTA TANGERANG,Juli,2.64,2024,7/1/2024
KOTA TANGERANG,Agustus,2.77,2024,8/1/2024
KOTA TANGERANG,September,0.19,2024,9/1/2024
KOTA TANGERANG,Oktober,-0.47,2024,10/1/2024
KOTA TANGERANG,November,-0.9,2024,11/1/2024
KOTA TANGERANG,Desember,-1.56,2024,12/1/2024
KOTA TANJUNG PINANG,Januari,5.1,2024,1/1/2024
KOTA TANJUNG PINANG,Februari,3.92,2024,2/1/2024
KOTA TANJUNG PINANG,Maret,5.73,2024,3/1/2024
KOTA TANJUNG PINANG,April,4.91,2024,4/1/2024
KOTA TANJUNG PINANG,Mei,7.84,2024,5/1/2024
KOTA TANJUNG PINANG,Juni,6.75,2024,6/1/2024
KOTA TANJUNG PINANG,Juli,4.08,2024,7/1/2024
KOTA TANJUNG PINANG,Agustus,3.66,2024,8/1/2024
KOTA TANJUNG PINANG,September,2.03,2024,9/1/2024
KOTA TANJUNG PINANG,Oktober,1.41,2024,10/1/2024
KOTA TANJUNG PINANG,November,-0.18,2024,11/1/2024
KOTA TANJUNG PINANG,Desember,2.87,2024,12/1/2024
KOTA TARAKAN,Januari,2.83,2024,1/1/2024
KOTA TARAKAN,Februari,5.14,2024,2/1/2024
KOTA TARAKAN,Maret,5.63,2024,3/1/2024
KOTA TARAKAN,April,6.18,2024,4/1/2024
KOTA TARAKAN,Mei,6.12,2024,5/1/2024
KOTA TARAKAN,Juni,5.32,2024,6/1/2024
KOTA TARAKAN,Juli,4.55,2024,7/1/2024
KOTA TARAKAN,Agustus,3.08,2024,8/1/2024
KOTA TARAKAN,September,2.57,2024,9/1/2024
KOTA TARAKAN,Oktober,2.6,2024,10/1/2024
KOTA TARAKAN,November,2.6,2024,11/1/2024
KOTA TARAKAN,Desember,2.93,2024,12/1/2024
KOTA TASIKMALAYA,Januari,4.93,2024,1/1/2024
KOTA TASIKMALAYA,Februari,7.32,2024,2/1/2024
KOTA TASIKMALAYA,Maret,9.64,2024,3/1/2024
KOTA TASIKMALAYA,April,8.03,2024,4/1/2024
KOTA TASIKMALAYA,Mei,5.42,2024,5/1/2024
KOTA TASIKMALAYA,Juni,4.83,2024,6/1/2024
KOTA TASIKMALAYA,Juli,4.44,2024,7/1/2024
KOTA TASIKMALAYA,Agustus,3.78,2024,8/1/2024
KOTA TASIKMALAYA,September,2.48,2024,9/1/2024
KOTA TASIKMALAYA,Oktober,1.97,2024,10/1/2024
KOTA TASIKMALAYA,November,1.2,2024,11/1/2024
KOTA TASIKMALAYA,Desember,2.36,2024,12/1/2024
KOTA TEGAL,Januari,5.88,2024,1/1/2024
KOTA TEGAL,Februari,7.91,2024,2/1/2024
KOTA TEGAL,Maret,10.07,2024,3/1/2024
KOTA TEGAL,April,9.88,2024,4/1/2024
KOTA TEGAL,Mei,6.39,2024,5/1/2024
KOTA TEGAL,Juni,4.77,2024,6/1/2024
KOTA TEGAL,Juli,3.64,2024,7/1/2024
KOTA TEGAL,Agustus,3.3,2024,8/1/2024
KOTA TEGAL,September,1.91,2024,9/1/2024
KOTA TEGAL,Oktober,1.76,2024,10/1/2024
KOTA TEGAL,November,0.7,2024,11/1/2024
KOTA TEGAL,Desember,1.54,2024,12/1/2024
KOTA TERNATE,Januari,7.02,2024,1/1/2024
KOTA TERNATE,Februari,-0.33,2024,2/1/2024
KOTA TERNATE,Maret,6.88,2024,3/1/2024
KOTA TERNATE,April,7.26,2024,4/1/2024
KOTA TERNATE,Mei,7.87,2024,5/1/2024
KOTA TERNATE,Juni,8.97,2024,6/1/2024
KOTA TERNATE,Juli,9.4,2024,7/1/2024
KOTA TERNATE,Agustus,7.21,2024,8/1/2024
KOTA TERNATE,September,10.8,2024,9/1/2024
KOTA TERNATE,Oktober,6.5,2024,10/1/2024
KOTA TERNATE,November,8.98,2024,11/1/2024
KOTA TERNATE,Desember,4.85,2024,12/1/2024
KOTA TUAL,Januari,1.39,2024,1/1/2024
KOTA TUAL,Februari,3.59,2024,2/1/2024
KOTA TUAL,Maret,4.26,2024,3/1/2024
KOTA TUAL,April,4.35,2024,4/1/2024
KOTA TUAL,Mei,8.27,2024,5/1/2024
KOTA TUAL,Juni,7.03,2024,6/1/2024
KOTA TUAL,Juli,5.65,2024,7/1/2024
KOTA TUAL,Agustus,3.24,2024,8/1/2024
KOTA TUAL,September,1.36,2024,9/1/2024
KOTA TUAL,Oktober,6.14,2024,10/1/2024
KOTA TUAL,November,0.59,2024,11/1/2024
KOTA TUAL,Desember,0.12,2024,12/1/2024
KOTA YOGYAKARTA,Januari,6.13,2024,1/1/2024
KOTA YOGYAKARTA,Februari,6.5,2024,2/1/2024
KOTA YOGYAKARTA,Maret,6.88,2024,3/1/2024
KOTA YOGYAKARTA,April,6.97,2024,4/1/2024
KOTA YOGYAKARTA,Mei,6.09,2024,5/1/2024
KOTA YOGYAKARTA,Juni,4.78,2024,6/1/2024
KOTA YOGYAKARTA,Juli,3.18,2024,7/1/2024
KOTA YOGYAKARTA,Agustus,3.28,2024,8/1/2024
KOTA YOGYAKARTA,September,1.59,2024,9/1/2024
KOTA YOGYAKARTA,Oktober,1.61,2024,10/1/2024
KOTA YOGYAKARTA,November,0.59,2024,11/1/2024
KOTA YOGYAKARTA,Desember,1.15,2024,12/1/2024
KOTABARU,Januari,6.11,2024,1/1/2024
KOTABARU,Februari,5.22,2024,2/1/2024
KOTABARU,Maret,6.54,2024,3/1/2024
KOTABARU,April,7.85,2024,4/1/2024
KOTABARU,Mei,6.45,2024,5/1/2024
KOTABARU,Juni,4.41,2024,6/1/2024
KOTABARU,Juli,0.94,2024,7/1/2024
KOTABARU,Agustus,0.61,2024,8/1/2024
KOTABARU,September,0.89,2024,9/1/2024
KOTABARU,Oktober,-0.71,2024,10/1/2024
KOTABARU,November,-1.48,2024,11/1/2024
KOTABARU,Desember,-2.3,2024,12/1/2024
KUDUS,Januari,6.44,2024,1/1/2024
KUDUS,Februari,8.21,2024,2/1/2024
KUDUS,Maret,9.37,2024,3/1/2024
KUDUS,April,7.91,2024,4/1/2024
KUDUS,Mei,5.84,2024,5/1/2024
KUDUS,Juni,3.95,2024,6/1/2024
KUDUS,Juli,2.93,2024,7/1/2024
KUDUS,Agustus,1.96,2024,8/1/2024
KUDUS,September,0.55,2024,9/1/2024
KUDUS,Oktober,0.75,2024,10/1/2024
KUDUS,November,-0.77,2024,11/1/2024
KUDUS,Desember,0.85,2024,12/1/2024
LUWUK,Januari,5.37,2024,1/1/2024
LUWUK,Februari,5.82,2024,2/1/2024
LUWUK,Maret,0.89,2024,3/1/2024
LUWUK,April,-0.72,2024,4/1/2024
LUWUK,Mei,1.77,2024,5/1/2024
LUWUK,Juni,0.45,2024,6/1/2024
LUWUK,Juli,-1.01,2024,7/1/2024
LUWUK,Agustus,-1.25,2024,8/1/2024
LUWUK,September,-1.99,2024,9/1/2024
LUWUK,Oktober,-0.33,2024,10/1/2024
LUWUK,November,-0.27,2024,11/1/2024
LUWUK,Desember,-1.01,2024,12/1/2024
MAMUJU,Januari,-1.92,2024,1/1/2024
MAMUJU,Februari,1.34,2024,2/1/2024
MAMUJU,Maret,5.72,2024,3/1/2024
MAMUJU,April,5.53,2024,4/1/2024
MAMUJU,Mei,4.58,2024,5/1/2024
MAMUJU,Juni,5.51,2024,6/1/2024
MAMUJU,Juli,3.36,2024,7/1/2024
MAMUJU,Agustus,2.47,2024,8/1/2024
MAMUJU,September,4.51,2024,9/1/2024
MAMUJU,Oktober,3.41,2024,10/1/2024
MAMUJU,November,3.66,2024,11/1/2024
MAMUJU,Desember,5.28,2024,12/1/2024
MANOKWARI,Januari,4.69,2024,1/1/2024
MANOKWARI,Februari,7.35,2024,2/1/2024
MANOKWARI,Maret,12.55,2024,3/1/2024
MANOKWARI,April,8.6,2024,4/1/2024
MANOKWARI,Mei,10.38,2024,5/1/2024
MANOKWARI,Juni,8.14,2024,6/1/2024
MANOKWARI,Juli,5.23,2024,7/1/2024
MANOKWARI,Agustus,4.5,2024,8/1/2024
MANOKWARI,September,5.94,2024,9/1/2024
MANOKWARI,Oktober,4.12,2024,10/1/2024
MANOKWARI,November,7.62,2024,11/1/2024
MANOKWARI,Desember,8.25,2024,12/1/2024
MAUMERE,Januari,6.01,2024,1/1/2024
MAUMERE,Februari,6.12,2024,2/1/2024
MAUMERE,Maret,0.22,2024,3/1/2024
MAUMERE,April,3.05,2024,4/1/2024
MAUMERE,Mei,3.49,2024,5/1/2024
MAUMERE,Juni,3.19,2024,6/1/2024
MAUMERE,Juli,2.33,2024,7/1/2024
MAUMERE,Agustus,0.45,2024,8/1/2024
MAUMERE,September,0.82,2024,9/1/2024
MAUMERE,Oktober,1.58,2024,10/1/2024
MAUMERE,November,1.81,2024,11/1/2024
MAUMERE,Desember,4.69,2024,12/1/2024
MERAUKE,Januari,6.34,2024,1/1/2024
MERAUKE,Februari,7.29,2024,2/1/2024
MERAUKE,Maret,4.21,2024,3/1/2024
MERAUKE,April,0.75,2024,4/1/2024
MERAUKE,Mei,4.74,2024,5/1/2024
MERAUKE,Juni,1.91,2024,6/1/2024
MERAUKE,Juli,0.4,2024,7/1/2024
MERAUKE,Agustus,2.2,2024,8/1/2024
MERAUKE,September,0.85,2024,9/1/2024
MERAUKE,Oktober,0.22,2024,10/1/2024
MERAUKE,November,0.18,2024,11/1/2024
MERAUKE,Desember,1.7,2024,12/1/2024
MEULABOH,Januari,3,2024,1/1/2024
MEULABOH,Februari,5.68,2024,2/1/2024
MEULABOH,Maret,10.68,2024,3/1/2024
MEULABOH,April,8.92,2024,4/1/2024
MEULABOH,Mei,6.7,2024,5/1/2024
MEULABOH,Juni,6.83,2024,6/1/2024
MEULABOH,Juli,2.76,2024,7/1/2024
MEULABOH,Agustus,1.62,2024,8/1/2024
MEULABOH,September,0.65,2024,9/1/2024
MEULABOH,Oktober,0.51,2024,10/1/2024
MEULABOH,November,1.1,2024,11/1/2024
MEULABOH,Desember,2.58,2024,12/1/2024
MUARA BUNGO,Januari,4.74,2024,1/1/2024
MUARA BUNGO,Februari,7.51,2024,2/1/2024
MUARA BUNGO,Maret,9.79,2024,3/1/2024
MUARA BUNGO,April,8.53,2024,4/1/2024
MUARA BUNGO,Mei,7.9,2024,5/1/2024
MUARA BUNGO,Juni,7.13,2024,6/1/2024
MUARA BUNGO,Juli,3.55,2024,7/1/2024
MUARA BUNGO,Agustus,4.41,2024,8/1/2024
MUARA BUNGO,September,1.64,2024,9/1/2024
MUARA BUNGO,Oktober,2.27,2024,10/1/2024
MUARA BUNGO,November,0.81,2024,11/1/2024
MUARA BUNGO,Desember,0.49,2024,12/1/2024
PURWOKERTO,Januari,5.89,2024,1/1/2024
PURWOKERTO,Februari,6.92,2024,2/1/2024
PURWOKERTO,Maret,9.19,2024,3/1/2024
PURWOKERTO,April,8.22,2024,4/1/2024
PURWOKERTO,Mei,6.37,2024,5/1/2024
PURWOKERTO,Juni,4.4,2024,6/1/2024
PURWOKERTO,Juli,2.56,2024,7/1/2024
PURWOKERTO,Agustus,2.12,2024,8/1/2024
PURWOKERTO,September,0.6,2024,9/1/2024
PURWOKERTO,Oktober,0.43,2024,10/1/2024
PURWOKERTO,November,-0.53,2024,11/1/2024
PURWOKERTO,Desember,1.02,2024,12/1/2024
SAMPIT,Januari,5.17,2024,1/1/2024
SAMPIT,Februari,3.43,2024,2/1/2024
SAMPIT,Maret,5.16,2024,3/1/2024
SAMPIT,April,7.06,2024,4/1/2024
SAMPIT,Mei,7.14,2024,5/1/2024
SAMPIT,Juni,4.89,2024,6/1/2024
SAMPIT,Juli,1.82,2024,7/1/2024
SAMPIT,Agustus,0.99,2024,8/1/2024
SAMPIT,September,0.83,2024,9/1/2024
SAMPIT,Oktober,-0.05,2024,10/1/2024
SAMPIT,November,-0.13,2024,11/1/2024
SAMPIT,Desember,0.22,2024,12/1/2024
SINGARAJA,Januari,7.25,2024,1/1/2024
SINGARAJA,Februari,8.38,2024,2/1/2024
SINGARAJA,Maret,11.14,2024,3/1/2024
SINGARAJA,April,11.6,2024,4/1/2024
SINGARAJA,Mei,8.5,2024,5/1/2024
SINGARAJA,Juni,5.26,2024,6/1/2024
SINGARAJA,Juli,4.33,2024,7/1/2024
SINGARAJA,Agustus,2.65,2024,8/1/2024
SINGARAJA,September,2.77,2024,9/1/2024
SINGARAJA,Oktober,2.54,2024,10/1/2024
SINGARAJA,November,3.41,2024,11/1/2024
SINGARAJA,Desember,3.15,2024,12/1/2024
SINTANG,Januari,4.13,2024,1/1/2024
SINTANG,Februari,5.15,2024,2/1/2024
SINTANG,Maret,6.45,2024,3/1/2024
SINTANG,April,7.11,2024,4/1/2024
SINTANG,Mei,6.8,2024,5/1/2024
SINTANG,Juni,4.07,2024,6/1/2024
SINTANG,Juli,2.61,2024,7/1/2024
SINTANG,Agustus,3.38,2024,8/1/2024
SINTANG,September,4.01,2024,9/1/2024
SINTANG,Oktober,3.78,2024,10/1/2024
SINTANG,November,3.25,2024,11/1/2024
SINTANG,Desember,2.86,2024,12/1/2024
SUMENEP,Januari,8.12,2024,1/1/2024
SUMENEP,Februari,10.95,2024,2/1/2024
SUMENEP,Maret,11.19,2024,3/1/2024
SUMENEP,April,10.71,2024,4/1/2024
SUMENEP,Mei,4.72,2024,5/1/2024
SUMENEP,Juni,4.15,2024,6/1/2024
SUMENEP,Juli,4.93,2024,7/1/2024
SUMENEP,Agustus,4.17,2024,8/1/2024
SUMENEP,September,1.42,2024,9/1/2024
SUMENEP,Oktober,1.34,2024,10/1/2024
SUMENEP,November,0.75,2024,11/1/2024
SUMENEP,Desember,0.27,2024,12/1/2024
TANJUNG,Januari,2.62,2024,1/1/2024
TANJUNG,Februari,1.89,2024,2/1/2024
TANJUNG,Maret,2.13,2024,3/1/2024
TANJUNG,April,3.17,2024,4/1/2024
TANJUNG,Mei,2.14,2024,5/1/2024
TANJUNG,Juni,1.96,2024,6/1/2024
TANJUNG,Juli,0.04,2024,7/1/2024
TANJUNG,Agustus,0.38,2024,8/1/2024
TANJUNG,September,1.34,2024,9/1/2024
TANJUNG,Oktober,-0.47,2024,10/1/2024
TANJUNG,November,-1.04,2024,11/1/2024
TANJUNG,Desember,-1.07,2024,12/1/2024
TANJUNG PANDAN,Januari,0.73,2024,1/1/2024
TANJUNG PANDAN,Februari,5.92,2024,2/1/2024
TANJUNG PANDAN,Maret,2.71,2024,3/1/2024
TANJUNG PANDAN,April,6.87,2024,4/1/2024
TANJUNG PANDAN,Mei,1.81,2024,5/1/2024
TANJUNG PANDAN,Juni,-2.95,2024,6/1/2024
TANJUNG PANDAN,Juli,-2.54,2024,7/1/2024
TANJUNG PANDAN,Agustus,3.41,2024,8/1/2024
TANJUNG PANDAN,September,-2.28,2024,9/1/2024
TANJUNG PANDAN,Oktober,-2.85,2024,10/1/2024
TANJUNG PANDAN,November,-1.94,2024,11/1/2024
TANJUNG PANDAN,Desember,4.05,2024,12/1/2024
TANJUNG SELOR,Januari,3.87,2024,1/1/2024
TANJUNG SELOR,Februari,6.09,2024,2/1/2024
TANJUNG SELOR,Maret,7.07,2024,3/1/2024
TANJUNG SELOR,April,4.3,2024,4/1/2024
TANJUNG SELOR,Mei,5.42,2024,5/1/2024
TANJUNG SELOR,Juni,3.3,2024,6/1/2024
TANJUNG SELOR,Juli,3.25,2024,7/1/2024
TANJUNG SELOR,Agustus,2.77,2024,8/1/2024
TANJUNG SELOR,September,5.57,2024,9/1/2024
TANJUNG SELOR,Oktober,3.57,2024,10/1/2024
TANJUNG SELOR,November,1.25,2024,11/1/2024
TANJUNG SELOR,Desember,0.75,2024,12/1/2024
TEMBILAHAN,Januari,3.13,2024,1/1/2024
TEMBILAHAN,Februari,4.31,2024,2/1/2024
TEMBILAHAN,Maret,8.04,2024,3/1/2024
TEMBILAHAN,April,8.29,2024,4/1/2024
TEMBILAHAN,Mei,8.29,2024,5/1/2024
TEMBILAHAN,Juni,7.1,2024,6/1/2024
TEMBILAHAN,Juli,2.1,2024,7/1/2024
TEMBILAHAN,Agustus,2.12,2024,8/1/2024
TEMBILAHAN,September,1.19,2024,9/1/2024
TEMBILAHAN,Oktober,3.36,2024,10/1/2024
TEMBILAHAN,November,2.1,2024,11/1/2024
TEMBILAHAN,Desember,3.68,2024,12/1/2024
TIMIKA,Januari,7.51,2024,1/1/2024
TIMIKA,Februari,4.77,2024,2/1/2024
TIMIKA,Maret,5.55,2024,3/1/2024
TIMIKA,April,4.87,2024,4/1/2024
TIMIKA,Mei,7.19,2024,5/1/2024
TIMIKA,Juni,5.3,2024,6/1/2024
TIMIKA,Juli,3.66,2024,7/1/2024
TIMIKA,Agustus,3.33,2024,8/1/2024
TIMIKA,September,6.07,2024,9/1/2024
TIMIKA,Oktober,8,2024,10/1/2024
TIMIKA,November,7.69,2024,11/1/2024
TIMIKA,Desember,6.57,2024,12/1/2024
WAINGAPU,Januari,4.65,2024,1/1/2024
WAINGAPU,Februari,2.69,2024,2/1/2024
WAINGAPU,Maret,2.02,2024,3/1/2024
WAINGAPU,April,3.33,2024,4/1/2024
WAINGAPU,Mei,2.49,2024,5/1/2024
WAINGAPU,Juni,-1.12,2024,6/1/2024
WAINGAPU,Juli,0.03,2024,7/1/2024
WAINGAPU,Agustus,2.05,2024,8/1/2024
WAINGAPU,September,1.66,2024,9/1/2024
WAINGAPU,Oktober,2.62,2024,10/1/2024
WAINGAPU,November,4.6,2024,11/1/2024
WAINGAPU,Desember,2.96,2024,12/1/2024
WATAMPONE,Januari,5.68,2024,1/1/2024
WATAMPONE,Februari,7.58,2024,2/1/2024
WATAMPONE,Maret,6.21,2024,3/1/2024
WATAMPONE,April,6.36,2024,4/1/2024
WATAMPONE,Mei,5.35,2024,5/1/2024
WATAMPONE,Juni,5.05,2024,6/1/2024
WATAMPONE,Juli,3.89,2024,7/1/2024
WATAMPONE,Agustus,3.07,2024,8/1/2024
WATAMPONE,September,0.85,2024,9/1/2024
WATAMPONE,Oktober,-0.02,2024,10/1/2024
WATAMPONE,November,0.34,2024,11/1/2024
WATAMPONE,Desember,-0.48,2024,12/1/2024
